Date_dissected,Date_collected,Month_collected,Month_day,Year,Site,Genus,Species,ID#,Hali,Haem,Total,Gen_sample?,Adult_nymph,Body_length,Head_width,Notes
8/7/2020,,,,,LOWE,Pachydiplax,,1,0,0,0,,adult,,,
8/7/2020,,,,,LOWE,Pachydiplax,,2,0,0,0,,adult,,,
8/27/2021,6/15/2021,June,6/15,2021,LOWE,Anax,junius,A,1,0,1,1,nymph,29.089,7.367,
8/27/2021,6/15/2021,June,6/15,2021,LOWE,Tramea,,B,0,0,0,,nymph,24.355,7.687,
8/27/2021,6/15/2021,June,6/15,2021,LOWE,Tramea,,C,0,0,0,,nymph,17.062,5.15,
8/27/2021,6/15/2021,June,6/15,2021,LOWE,Pachydiplax,,D,1,0,1,1,nymph,11.456,3.418,
8/27/2021,6/15/2021,June,6/15,2021,LOWE,Unknown,,E,0,0,0,,nymph,11.974,2.851,
8/27/2021,6/15/2021,June,6/15,2021,LOWE,Pachydiplax,,F,0,0,0,,nymph,11.758,3.733,
3/24/2022,8/5/2020,August,8/5,2020,LOWE,Pachydiplax,,A,0,0,0,,adult,36.335,6.04,
3/24/2022,8/6/2020,August,8/6,2020,LOWE,Pachydiplax,,A,0,0,0,,adult,34.916,5.912,
3/24/2022,8/6/2020,August,8/6,2020,LOWE,Pachydiplax,,B,0,0,0,,adult,35.09,6.278,
3/24/2022,7/21/2020,July,7/21,2020,LOWE,Ischnura,,A,0,1,1,,adult,17.962,,
3/24/2022,7/21/2020,July,7/21,2020,LOWE,Ischnura,,B,0,3,3,,adult,24.036,3.254,
3/24/2022,7/21/2020,July,7/21,2020,LOWE,Ischnura,,C,0,0,0,,adult,22.886,2.72,
3/24/2022,7/21/2020,July,7/21,2020,LOWE,Ischnura,,D,0,0,0,,adult,23.563,2.98,
3/24/2022,7/21/2020,July,7/21,2020,LOWE,Ischnura,,E,0,0,0,,adult,22.896,3.021,
3/24/2022,7/9/2020,July,7/9,2020,LOWE,Pachydiplax,,A,0,0,0,,adult,34.464,6.132,
3/24/2022,7/9/2020,July,7/9,2020,LOWE,Pachydiplax,,B,0,0,0,,adult,34.261,6.182,
3/25/2022,6/15/2021,June,6/15,2021,LOWE,Erithemis,,A,0,0,0,,nymph,5.423,2.187,
3/25/2022,6/15/2021,June,6/15,2021,LOWE,Erithemis,,B,0,0,0,,nymph,6.467,2.365,
3/25/2022,6/15/2021,June,6/15,2021,LOWE,Erithemis,,C,0,0,0,,nymph,5.928,2.18,
3/25/2022,6/15/2021,June,6/15,2021,LOWE,Erithemis,,D,0,0,0,,nymph,4.041,1.672,
3/25/2022,6/15/2021,June,6/15,2021,LOWE,Pachydiplax,,A,0,0,0,,nymph,5.595,2.033,
3/25/2022,6/15/2021,June,6/15,2021,LOWE,Erithemis,,E,0,0,0,,nymph,7.735,2.901,
3/25/2022,6/15/2021,June,6/15,2021,LOWE,Erithemis,,F,0,0,0,,nymph,7.173,2.784,
3/25/2022,6/15/2021,June,6/15,2021,LOWE,Erithemis,,G,0,0,0,,nymph,8.327,2.983,
3/25/2022,6/15/2021,June,6/15,2021,LOWE,Pachydiplax,,B,0,0,0,,nymph,12.691,4.271,
3/25/2022,6/15/2021,June,6/15,2021,LOWE,Pachydiplax,,C,0,0,0,,nymph,12.504,4.061,
3/25/2022,6/15/2021,June,6/15,2021,LOWE,Tramea,,A,0,0,0,,nymph,17.562,6.108,
3/25/2022,6/15/2021,June,6/15,2021,LOWE,Pachydiplax,,D,0,0,0,,nymph,12.345,3.83,
3/25/2022,7/21/2021,July,7/21,2021,LOWE,Pachydiplax,,A,0,0,0,,nymph,12.387,3.036,
3/25/2022,7/21/2021,July,7/21,2021,LOWE,Anax,,A,0,0,0,,nymph,14.325,3.438,
4/12/2022,8/5/2020,August,8/5,2020,LOWE,Enallagma,,A,0,0,0,,adult,29.096,3.396,
4/12/2022,8/5/2020,August,8/5,2020,LOWE,Enallagma,,B,0,0,0,,adult,32.081,3.441,
4/12/2022,8/5/2020,August,8/5,2020,LOWE,Enallagma,,C,0,0,0,,adult,30.608,3.678,
4/12/2022,8/5/2020,August,8/5,2020,LOWE,Enallagma,,D,0,0,0,,adult,31.707,2.189,
4/12/2022,8/5/2020,August,8/5,2020,LOWE,Enallagma,,E,0,0,0,,adult,29.113,2.932,
4/12/2022,7/28/2020,July,7/28,2020,LOWE,Anax,,A,0,0,0,,adult,72.692,10.497,eggs
4/12/2022,7/21/2020,July,7/21,2020,LOWE,Ischnura,,F,0,0,0,,adult,24.03,3.177,
4/12/2022,7/21/2020,July,7/21,2020,LOWE,Ischnura,,G,0,0,0,,adult,24.19,3.301,eggs
4/12/2022,7/21/2020,July,7/21,2020,LOWE,Ischnura,,H,0,0,0,,adult,23.963,2.859,eggs
4/12/2022,7/21/2020,July,7/21,2020,LOWE,Ischnura,,I,0,0,0,,adult,23.348,2.773,
4/12/2022,7/21/2020,July,7/21,2020,LOWE,Ischnura,,J,0,1,1,1,adult,24.299,3.106,
4/12/2022,7/21/2020,July,7/21,2020,LOWE,Ischnura,,K,0,0,0,,adult,24.253,3.031,
4/13/2022,7/21/2021,July,7/21,2021,LOWE,Pachydiplax,,B,1,0,1,1,nymph,11.371,3.367,
4/13/2022,7/21/2021,July,7/21,2021,LOWE,Pachydiplax,,C,0,0,0,,nymph,14.227,3.804,
4/13/2022,6/23/2021,June,6/23,2021,LOWE,Enallagma,,A,0,0,0,,nymph,5.342,1.481,
4/13/2022,6/23/2021,June,6/23,2021,LOWE,Enallagma,,B,0,1,1,N,nymph,7.759,2.06,
4/13/2022,6/23/2021,June,6/23,2021,LOWE,Enallagma,,C,0,1,1,1,nymph,7.865,1.97,
4/13/2022,6/23/2021,June,6/23,2021,LOWE,Enallagma,,D,0,2,2,2,nymph,9.718,2.337,
4/13/2022,6/23/2021,June,6/23,2021,LOWE,Enallagma,,E,0,0,0,,nymph,3.456,1.317,
4/13/2022,6/23/2021,June,6/23,2021,LOWE,Pachydiplax,,A,0,0,0,,nymph,8.386,2.667,
4/13/2022,6/15/2021,June,6/15,2021,LOWE,Enallagma,,A,0,0,0,,nymph,9.361,2.072,
4/13/2022,6/15/2021,June,6/15,2021,LOWE,Enallagma,,B,0,0,0,,nymph,8.939,2.199,
4/13/2022,6/15/2021,June,6/15,2021,LOWE,Enallagma,,C,0,0,0,,nymph,6.547,1.79,
4/13/2022,6/15/2021,June,6/15,2021,LOWE,Enallagma,,D,0,0,0,,nymph,6.64,1.547,
4/13/2022,6/15/2021,June,6/15,2021,LOWE,Enallagma,,E,0,0,0,,nymph,7.22,1.761,
4/13/2022,6/15/2021,June,6/15,2021,LOWE,Ischnura,,F,0,0,0,,nymph,11.793,2.846,
4/13/2022,6/15/2021,June,6/15,2021,LOWE,Ischnura,,G,0,0,0,,nymph,11.126,2.651,
4/13/2022,6/15/2021,June,6/15,2021,LOWE,Enallagma,,H,0,9,9,7,nymph,10.452,2.572,
4/13/2022,6/15/2021,June,6/15,2021,LOWE,Enallagma,,I,0,0,0,,nymph,9.144,2.368,
4/13/2022,6/15/2021,June,6/15,2021,LOWE,Enallagma,,J,0,0,0,,nymph,8.003,1.925,
4/13/2022,6/15/2021,June,6/15,2021,LOWE,Enallagma,,K,0,2,2,2,nymph,11.262,2.588,
4/13/2022,6/15/2021,June,6/15,2021,LOWE,Enallagma,,L,0,0,0,,nymph,9.493,2.691,
4/13/2022,6/21/2021,June,6/21,2021,LOWE,Pachydiplax,,A,0,0,0,,nymph,8.592,2.942,
4/13/2022,6/21/2021,June,6/21,2021,LOWE,Pachydiplax,,B,0,0,0,,nymph,12.105,3.101,
4/13/2022,6/21/2021,June,6/21,2021,LOWE,Pachydiplax,,C,0,0,0,,nymph,11.359,2.606,
4/13/2022,6/21/2021,June,6/21,2021,LOWE,Pachydiplax,,D,0,0,0,,nymph,12.498,3.512,
4/13/2022,6/21/2021,June,6/21,2021,LOWE,Pachydiplax,,E,0,0,0,,nymph,9.948,2.49,
4/13/2022,6/21/2021,June,6/21,2021,LOWE,Pachydiplax,,F,0,0,0,,nymph,9.856,3.245,
4/13/2022,7/21/2021,July,7/21,2021,LOWE,Tramea,,A,0,0,0,,nymph,13.215,4.372,
4/13/2022,7/21/2021,July,7/21,2021,LOWE,Erythemis,,A,0,0,0,,nymph,6.301,2.468,
4/13/2022,7/21/2021,July,7/21,2021,LOWE,Erythemis,,B,0,0,0,,nymph,5.773,2.178,
4/13/2022,7/21/2021,July,7/21,2021,LOWE,Erythemis,,C,0,0,0,,nymph,10.995,3.821,
4/13/2022,7/21/2021,July,7/21,2021,LOWE,Erythemis,,D,0,0,0,,nymph,5.891,2.189,
4/13/2022,7/21/2021,July,7/21,2021,LOWE,Erythemis,,E,0,0,0,,nymph,,,
4/14/2022,7/21/2021,July,7/21,2021,LOWE,Erythemis,,F,0,0,0,,nymph,13.355,4.665,
4/14/2022,7/21/2021,July,7/21,2021,LOWE,Erythemis,,G,0,0,0,,nymph,13.285,5.062,
4/14/2022,7/21/2021,July,7/21,2021,LOWE,Erythemis,,H,0,0,0,,nymph,5.713,2.112,
4/14/2022,7/21/2021,July,7/21,2021,LOWE,Pachydiplax,,D,0,0,0,,nymph,11.493,3.922,
6/7/2022,8/1/2020,August,8/1,2020,BELL,Perithemis,,BELL_001,0,0,0,,meta,23.125,5.209,
6/7/2022,7/12/2020,July,7/12,2020,LOWE,Pachydiplax,,LOWE_001,0,21,21,13,meta,35.885,7.193,** New ID number system here 
6/7/2022,7/12/2020,July,7/12,2020,LOWE,Pachydiplax,,LOWE_002,0,0,0,,meta,36.981,7.378,
6/7/2022,8/1/2020,August,8/1,2020,LOWE,Lestes,,LOWE_003,0,0,0,,adult,52.261,4.828,
6/7/2022,7/21/2020,July,7/21,2020,LOWE,Enallagma,,LOWE_004,0,0,0,,adult,33.802,3.966,
6/7/2022,7/21/2020,July,7/21,2020,LOWE,Enallagma,,LOWE_005,0,0,0,,adult,34.224,4.068,
6/7/2022,7/21/2020,July,7/21,2020,LOWE,Enallagma,,LOWE_006,0,0,0,,adult,32.886,4.295,
6/7/2022,7/21/2020,July,7/21,2020,LOWE,Enallagma,,LOWE_007,0,0,0,,adult,30.981,,
6/7/2022,7/21/2020,July,7/21,2020,LOWE,Enallagma,,LOWE_008,0,0,0,,adult,30.394,3.793,
6/7/2022,8/1/2020,August,8/1,2020,BELL,Pachydiplax,,BELL_002,0,0,0,,meta,25.737,5.793,
6/7/2022,8/1/2020,August,8/1,2020,BELL,Pachydiplax,,BELL_003,0,0,0,,meta,26.287,5.939,
6/7/2022,8/1/2020,August,8/1,2020,BELL,Pachydiplax,,BELL_004,0,0,0,,meta,30.056,5.429,
6/7/2022,,,,,No Label,Lestes,,UNK_001,0,0,0,,adult,42.091,5.977,
6/7/2022,7/10/2020,July,7/10,2020,LOWE,Lestes,,LOWE_009,0,0,0,,adult,55.679,6.354,
6/7/2022,7/10/2020,July,7/10,2020,LOWE,Lestes,,LOWE_010,0,2,2,2,Adult,,,
6/7/2022,,,,,No label,Pachydiplax,,UNK_002,0,6,6,4,meta,,,
6/21/2022,5/3/2022,May,5/3,2022,LOWE,Anax,,LOWE_D12,0,96,96,36,nymph,33.926,7.162,** New ID number system here to stop confusion with snails. Add D for dfly
6/21/2022,5/3/2022,May,5/3,2022,LOWE,Anax,,LOWE_D13,0,46,46,15,nymph,29.22,7.157,
6/21/2022,5/3/2022,May,5/3,2022,LOWE,Pachydiplax,,LOWE_D14,0,0,0,0,nymph,,,
7/2/2022,5/3/2022,May,5/3,2022,LOWE,Pachydiplax,,LOWE_D15,6,5,11,11,nymph,12.174,3.811,
7/2/2022,5/3/2022,May,5/3,2022,LOWE,Erythemis,,LOWE_D16,0,500,500,17,nymph,11.262,3.903,estimate
7/4/2022,5/3/2022,May,5/3,2022,LOWE,Tramea,,LOWE_D17,0,14,14,,nymph,27.435,8.811,
7/4/2022,5/3/2022,May,5/3,2022,LOWE,Anax,,LOWE_D18,0,712,712,,nymph,22.613,5.271,estimate
8/1/2022,5/3/2022,May,5/3,2022,LOWE,Libelulla,,LOWE_D19,0,0,0,,nymph,22.022,5.653,
8/2/2022,5/3/2022,May,5/3,2022,LOWE,Tramea,,LOWE_D20,0,2,2,1,nymph,20.139,6.287,
8/11/2022,8/4/2022,August,8/4,2022,LOWE,Anax,,LOWE_D21,0,0,0,,nymph,13.153,2.856,
8/11/2022,8/4/2022,August,8/4,2022,LOWE,Anax,,LOWE_D22,0,0,0,,nymph,12.615,3.237,
8/11/2022,8/4/2022,August,8/4,2022,LOWE,Anax,,LOWE_D23,0,0,0,,nymph,11.109,2.923,
8/17/2022,8/6/2022,August,8/6,2022,LOWE,Erythemis,,LOWE_D24,0,0,0,,nymph,9.066,3.299,
8/17/2022,8/6/2022,August,8/6,2022,LOWE,Erythemis,,LOWE_D25,0,0,0,,nymph,7.688,3.069,
8/17/2022,8/6/2022,August,8/6,2022,LOWE,Erythemis,,LOWE_D26,0,0,0,,nymph,14.358,4.479,
8/17/2022,8/6/2022,August,8/6,2022,LOWE,Erythemis,,LOWE_D27,0,0,0,,nymph,14.456,5.023,
8/17/2022,8/6/2022,August,8/6,2022,LOWE,Tramea,,LOWE_D28,0,0,0,,nymph,10.979,3.338,
8/17/2022,8/6/2022,August,8/6,2022,LOWE,Tramea,,LOWE_D29,0,0,0,,nymph,13.059,4.478,
8/17/2022,8/6/2022,August,8/6,2022,LOWE,Tramea,,LOWE_D30,0,0,0,,nymph,24.711,7.776,
8/17/2022,8/6/2022,August,8/6,2022,LOWE,Pachydiplax,,LOWE_D31,0,0,0,,nymph,16.638,5.097,
8/17/2022,8/6/2022,August,8/6,2022,LOWE,Pachydiplax,,LOWE_D32,0,0,0,,nymph,8.048,2.62,
8/17/2022,8/6/2022,August,8/6,2022,LOWE,Pachydiplax,,LOWE_D33,0,0,0,,nymph,7.774,2.626,
8/17/2022,8/6/2022,August,8/6,2022,LOWE,Pachydiplax,,LOWE_D34,0,0,0,,nymph,13.446,2.877,
8/17/2022,8/6/2022,August,8/6,2022,LOWE,Pachydiplax,,LOWE_D35,0,0,0,,nymph,9.63,3.285,
8/17/2022,8/6/2022,August,8/6,2022,LOWE,Pachydiplax,,LOWE_D36,0,0,0,,nymph,4.755,1.597,
8/17/2022,8/6/2022,August,8/6,2022,LOWE,Pachydiplax,,LOWE_D37,0,0,0,,nymph,8.043,2.294,
8/17/2022,5/3/2022,May,5/3,2022,LOWE,Anax,,LOWE_D38,0,1,1,1,nymph,10.544,3.104,
9/7/2022,5/3/2022,May,5/3,2022,LOWE,Pachydiplax,,LOWE_D39,0,0,0,,nymph,21.271,,no photo- tape approx as long placed where dfly was. large
9/7/2022,5/3/2022,May,5/3,2022,LOWE,Pachydiplax,,LOWE_D40,0,0,0,,nymph,8.756,2.921,
9/7/2022,5/3/2022,May,5/3,2022,LOWE,Pachydiplax,,LOWE_D41,3,0,3,3,nymph,8.789,3.164,
9/7/2022,5/3/2022,May,5/3,2022,LOWE,Pachydiplax,,LOWE_D42,1,0,1,1,nymph,7.07,2.528,
9/7/2022,5/3/2022,May,5/3,2022,LOWE,Pachydiplax,,LOWE_D43,2,0,2,2,nymph,6.497,2.478,
9/7/2022,5/3/2022,May,5/3,2022,LOWE,Pachydiplax,,LOWE_D44,0,0,0,,nymph,13.051,3.977,
9/7/2022,5/3/2022,May,5/3,2022,LOWE,Pachydiplax,,LOWE_D45,0,0,0,,nymph,8.977,3.06,
9/7/2022,5/3/2022,May,5/3,2022,LOWE,Pachydiplax,,LOWE_D46,1,0,1,1,nymph,9.25,3.152,
9/8/2022,5/3/2022,May,5/3,2022,LOWE,Pachydiplax,,LOWE_D47,0,0,0,,nymph,10.554,4.001,
9/8/2022,5/3/2022,May,5/3,2022,LOWE,Pachydiplax,,LOWE_D48,0,0,0,,nymph,16.522,4.943,remnants of other dfly in stomach 
9/8/2022,5/3/2022,May,5/3,2022,LOWE,Pachydiplax,,LOWE_D49,0,0,0,,nymph,12.787,4.101,
9/8/2022,5/3/2022,May,5/3,2022,LOWE,Pachydiplax,,LOWE_D50,4,3,7,7,nymph,12.224,4.141,
9/8/2022,5/3/2022,May,5/3,2022,LOWE,Pachydiplax,,LOWE_D51,0,0,0,,nymph,16.608,5.305,remnants of dfly in stomach?
9/8/2022,5/3/2022,May,5/3,2022,LOWE,Pachydiplax,,LOWE_D52,0,0,0,,nymph,13.779,4.029,
9/9/2022,5/3/2022,May,5/3,2022,LOWE,Erythemis,,LOWE_D53,0,20,20,5,nymph,9.221,3.287,dfly in stomach
9/9/2022,5/3/2022,May,5/3,2022,LOWE,Erythemis,,LOWE_D54,0,4,4,5,nymph,7.151,2.577,
9/9/2022,5/3/2022,May,5/3,2022,LOWE,Erythemis,,LOWE_D55,0,70,70,5,nymph,11.059,4.084,dfly in stomach
9/9/2022,5/3/2022,May,5/3,2022,LOWE,Erythemis,,LOWE_D56,0,3,3,2,nymph,8.466,3.16,nematode!
9/9/2022,5/3/2022,May,5/3,2022,LOWE,Erythemis,,LOWE_D57,0,20,20,5,nymph,14.512,4.617,
9/26/2022,8/6/2022,August,8/6,2022,LOWE,Pachydiplax,,LOWE_D58,0,0,0,0,nymph,14.972,4.405,
9/26/2022,8/6/2022,August,8/6,2022,LOWE,Pachydiplax,,LOWE_D59,0,0,0,0,nymph,16.797,5.339,
9/26/2022,8/6/2022,August,8/6,2022,LOWE,Pachydiplax,,LOWE_D60,0,0,0,0,nymph,14.263,5.011,
9/26/2022,8/6/2022,August,8/6,2022,LOWE,Pachydiplax,,LOWE_D61,0,0,0,0,nymph,13.593,4.877,
9/26/2022,8/6/2022,August,8/6,2022,LOWE,Pachydiplax,,LOWE_D62,0,0,0,0,nymph,14.716,4.777,
9/26/2022,8/6/2022,August,8/6,2022,LOWE,Tramea,,LOWE_D63,0,0,0,0,nymph,22.683,6.789,
10/01/2022,5/3/2022,May,5/3,2022,LOWE,Pachydiplax,,LOWE_D64,2,1,3,2,nymph,9.224,3.228,haem cyst look sweird-- may or may not be real. could not find it anyways 
10/01/2022,5/3/2022,May,5/3,2022,LOWE,Pachydiplax,,LOWE_D65,0,0,0,0,nymph,13.205,4.237,
10/01/2022,5/3/2022,May,5/3,2022,LOWE,Pachydiplax,,LOWE_D66,1,0,1,1,nymph,12.21,4.282,
10/01/2022,5/3/2022,May,5/3,2022,LOWE,Pachydiplax,,LOWE_D67,0,0,0,0,nymph,16.845,5.341,
10/01/2022,5/3/2022,May,5/3,2022,LOWE,Pachydiplax,,LOWE_D68,3,3,3,3,nymph,12.996,4.072,couldnt find last hali- haem all in one tube 
10/01/2022,5/3/2022,May,5/3,2022,LOWE,Pachydiplax,,LOWE_D69,6,0,6,1,nymph,17.513,5.318,
10/01/2022,5/3/2022,May,5/3,2022,LOWE,Pachydiplax,,LOWE_D70,0,0,0,0,nymph,18.907,5.03,
10/08/2022,8/5/2022,August,8/5,2022,BELL,Tramea,,BELL_D1,0,0,0,,nymph,23.495,7.586,check photos to ID the smalel ones-- unsure. PAchy could be tramea
10/08/2022,8/5/2022,August,8/5,2022,BELL,Tramea,,BELL_D2,0,0,0,,nymph,4.827,1.646,
10/08/2022,8/5/2022,August,8/5,2022,BELL,Pachydiplax,,BELL_D3,0,0,0,,nymph,3.547,1.478,
10/08/2022,8/5/2022,August,8/5,2022,BELL,Erythemis,,BELL_D4,0,0,0,,nymph,3.077,1.303,
10/08/2022,8/5/2022,August,8/5,2022,BELL,Enallagma,,BELL_D5,0,0,0,,nymph,8.647,2.327,
10/08/2022,8/5/2022,August,8/5,2022,BELL,Erythemis,,BELL_D6,0,0,0,,nymph,6.145,2.324,
10/08/2022,8/5/2022,August,8/5,2022,BELL,Pachydiplax,,BELL_D7,0,0,0,,nymph,4.094,1.396,
10/08/2022,8/5/2022,August,8/5,2022,BELL,Pachydiplax,,BELL_D8,0,0,0,,nymph,4.592,1.616,
10/08/2022,8/5/2022,August,8/5,2022,BELL,Pachydiplax,,BELL_D9,0,0,0,,nymph,5.012,1.329,
10/08/2022,8/5/2022,August,8/5,2022,BELL,Lestes,,BELL_D10,0,0,0,,nymph,10.21,2.066,
10/08/2022,8/5/2022,August,8/5,2022,BELL,Enallagma,,BELL_D11,0,0,0,,nymph,5.904,1.808,
10/10/2022,8/5/2022,August,8/5,2022,BELL,Pachydiplax,,BELL_D12,0,0,0,,nymph,13.036,4.528,
10/10/2022,8/5/2022,August,8/5,2022,BELL,Pachydiplax,,BELL_D13,0,0,0,,nymph,14.293,4.758,
10/10/2022,8/5/2022,August,8/5,2022,BELL,Pachydiplax,,BELL_D14,0,0,0,,nymph,13.784,4.913,
10/10/2022,8/5/2022,August,8/5,2022,BELL,Anax,,BELL_D15,0,0,0,,nymph,14.6,3.353,"odd round shapes in intestine-- cysts? unclear, saving them. 4 total"
10/10/2022,8/6/2022,August,8/6,2022,BELL,Erythemis,,BELL_D16,0,0,0,,nymph,6.323,2.552,
10/10/2022,8/6/2022,August,8/6,2022,BELL,Erythemis,,BELL_D17,0,0,0,,nymph,4.144,1.244,
10/10/2022,8/5/2022,August,8/5,2022,LOWE,Enallagma,,LOWE_D71,0,8,8,,nymph,10.111,2.051,
10/10/2022,8/5/2022,August,8/5,2022,LOWE,Enallagma,,LOWE_D72,0,1,1,,nymph,5.924,1.369,
10/10/2022,8/5/2022,August,8/5,2022,LOWE,Enallagma,,LOWE_D73,0,0,0,,nymph,7.288,2.365,NematodE!!
10/10/2022,8/5/2022,August,8/5,2022,LOWE,Enallagma,,LOWE_D74,0,0,0,,nymph,5.819,1.581,
10/10/2022,8/5/2022,August,8/5,2022,LOWE,Enallagma,,LOWE_D75,0,0,0,,nymph,4.945,1.522,
10/10/2022,8/5/2022,August,8/5,2022,LOWE,Enallagma,,LOWE_D76,0,0,0,,nymph,4.505,1.23,
10/10/2022,8/5/2022,August,8/5,2022,LOWE,Enallagma,,LOWE_D77,0,4,4,,nymph,7.476,1.72,
10/11/2022,6/11/2022,June,6/11,2022,LOWE,Pachydiplax,,LOWE_D78,0,0,0,,nymph,15.357,5.233,
10/11/2022,6/11/2022,June,6/11,2022,LOWE,Erythemis,,LOWE_D79,0,25,25,,nymph,11.74,4.006,
10/11/2022,6/11/2022,June,6/11,2022,LOWE,Pachydiplax,,LOWE_D80,0,0,0,,nymph,16.385,5.002,
10/11/2022,6/11/2022,June,6/11,2022,LOWE,Pachydiplax,,LOWE_D81,0,0,0,,nymph,18.675,5.869,
10/11/2022,6/11/2022,June,6/11,2022,LOWE,Pachydiplax,,LOWE_D82,0,0,0,,nymph,18.116,5.504,
10/11/2022,6/11/2022,June,6/11,2022,LOWE,Erythemis,,LOWE_D83,0,3,3,,nymph,3.3032,1.092,
10/11/2022,6/11/2022,June,6/11,2022,LOWE,Erythemis,,LOWE_D84,0,2,2,,nymph,4.271,1.338,
10/11/2022,6/11/2022,June,6/11,2022,LOWE,Erythemis,,LOWE_D85,0,1,1,,nymph,4.021,1.676,
10/11/2022,6/11/2022,June,6/11,2022,LOWE,Pachydiplax,,LOWE_D86,0,1,1,,nymph,16.572,5.469,
10/11/2022,6/11/2022,June,6/11,2022,LOWE,Pachydiplax,,LOWE_D87,0,0,0,,nymph,19.441,5.794,
10/11/2022,6/11/2022,June,6/11,2022,LOWE,Pachydiplax,,LOWE_D88,2,2,4,,nymph,14.703,5.213,"1 mystery worm-- not hali or haem. weird, pimented with eyespots (see pic). UNK 1"
10/11/2022,6/11/2022,June,6/11,2022,LOWE,Pachydiplax,,LOWE_D89,0,0,0,,nymph,16.293,5.121,
10/11/2022,6/11/2022,June,6/11,2022,LOWE,Erythemis,,LOWE_D90,0,1,1,,nymph,11.304,4.014,
10/24/2022,6/11/2022,June,6/11,2022,BELL,Enallagma,,BELL_D18,0,0,0,,nymph,5.431,1.916,
10/24/2022,6/11/2022,June,6/11,2022,BELL,Ischnura,,BELL_D19,0,2,2,3,nymph,10.337,2.438,"2 haem for sure, 2 mystery cysts (old haem?) see pic-- 2 odd cysts in same tube"
10/24/2022,6/11/2022,June,6/11,2022,BELL,Enallagma,,BELL_D20,0,0,0,,nymph,8.001,2.525,
10/24/2022,6/11/2022,June,6/11,2022,BELL,Ischnura,,BELL_D21,0,1,1,,nymph,9.846,2.717,
10/24/2022,6/11/2022,June,6/11,2022,BELL,Enallagma,,BELL_D22,0,0,0,,nymph,9.618,2.631,
10/24/2022,6/11/2022,June,6/11,2022,BELL,Ischnura,,BELL_D23,0,0,0,,nymph,9.28,2.504,
10/24/2022,6/11/2022,June,6/11,2022,BELL,Ischnura,,BELL_D24,0,1,1,2,nymph,9.346,2.034,"1 haem, 2 unk-- same as D19"
10/24/2022,6/11/2022,June,6/11,2022,BELL,Tramea,,BELL_D25,0,0,0,,nymph,11.275,3.966,
10/24/2022,6/11/2022,June,6/11,2022,BELL,Erythemis,,BELL_D26,0,0,0,,nymph,10.214,4.296,
10/24/2022,6/11/2022,June,6/11,2022,BELL,Erythemis,,BELL_D27,0,0,0,,nymph,7.929,2.864,
10/24/2022,6/11/2022,June,6/11,2022,BELL,Erythemis,,BELL_D28,0,2,2,2,nymph,8.484,3.053,
10/24/2022,6/11/2022,June,6/11,2022,BELL,Erythemis,,BELL_D29,0,0,0,,nymph,6.478,1.909,
10/24/2022,5/3/2022,May,5/3,2022,LOWE,Pachydiplax,,LOWE_D91,0,0,0,,nymph,9.386,3.454,
10/24/2022,5/3/2022,May,5/3,2022,LOWE,Pachydiplax,,LOWE_D92,0,0,0,,nymph,8.841,3.101,
10/24/2022,5/3/2022,May,5/3,2022,LOWE,Pachydiplax,,LOWE_D93,0,0,0,,nymph,15.807,5.261,
10/24/2022,5/3/2022,May,5/3,2022,LOWE,Pachydiplax,,LOWE_D94,0,0,0,,nymph,7.633,2.446,
10/24/2022,5/3/2022,May,5/3,2022,LOWE,Pachydiplax,,LOWE_D95,2,0,2,2,nymph,8.873,3.056,
10/24/2022,5/3/2022,May,5/3,2022,LOWE,Pachydiplax,,LOWE_D96,0,0,0,,nymph,9.978,3.478,** this one may be tramea? see pic 
10/24/2022,5/3/2022,May,5/3,2022,LOWE,Pachydiplax,,LOWE_D97,0,0,0,,nymph,9.493,3.04,
10/24/2022,5/3/2022,May,5/3,2022,LOWE,Pachydiplax,,LOWE_D98,2,0,2,2,nymph,13.28,3.839,
10/26/2022,5/3/2022,May,5/3,2022,LOWE,Enallagma,,LOWE_D99,0,48,48,6,nymph,10.841,2.988,"14 small brown light haem cysts, 34 larger dark black haem cysts. ALSO 2 nematodes"
10/26/2022,5/3/2022,May,5/3,2022,LOWE,Ischnura,,LOWE_D100,0,9,9,6,nymph,11.337,2.754,21 mites
10/26/2022,5/3/2022,May,5/3,2022,LOWE,Ischnura,,LOWE_D101,0,2,2,2,nymph,11.505,2.995,11 mites
10/26/2022,5/3/2022,May,5/3,2022,LOWE,Enallagma,,LOWE_D102,0,10,10,6,nymph,8.338,2.029,
10/26/2022,5/3/2022,May,5/3,2022,LOWE,Tramea,,LOWE_D103,0,0,0,0,nymph,27.203,8,
11/1/2022,5/3/2022,May,5/3,2022,LOWE,Erythemis,,LOWE_D104,0,78,78,10,nymph,8.274,3.162,
11/1/2022,5/3/2022,May,5/3,2022,LOWE,Erythemis,,LOWE_D105,0,18,18,,nymph,5.818,2.107,
11/1/2022,5/3/2022,May,5/3,2022,LOWE,Erythemis,,LOWE_D106,0,28,28,,nymph,8.452,3.08,
11/2/2022,5/3/2022,May,5/3,2022,LOWE,Erythemis,,LOWE_D107,0,20,20,,nymph,9.485,3.089,
11/2/2022,5/3/2022,May,5/3,2022,LOWE,Erythemis,,LOWE_D108,0,9,9,,nymph,6.337,2.116,
11/2/2022,5/3/2022,May,5/3,2022,LOWE,Erythemis,,LOWE_D109,0,15,15,,nymph,7.721,2.192,
11/2/2022,5/3/2022,May,5/3,2022,LOWE,Erythemis,,LOWE_D110,0,143,143,,nymph,6.934,2.508,
11/2/2022,5/3/2022,May,5/3,2022,LOWE,Erythemis,,LOWE_D111,0,37,37,,nymph,9.005,2.867,
11/4/2022,8/6/2022,August,8/6,2022,BELL,Pachydiplax,,BELL_D30,0,0,0,,nymph,8.161,2.762,
11/4/2022,8/6/2022,August,8/6,2022,BELL,Pachydiplax,,BELL_D31,0,0,0,,nymph,8.365,2.812,
11/4/2022,8/6/2022,August,8/6,2022,BELL,Pachydiplax,,BELL_D32,0,0,0,,nymph,8.971,2.864,
11/4/2022,8/6/2022,August,8/6,2022,BELL,Erythemis,,BELL_D33,0,0,0,,nymph,7.391,2.748,
11/4/2022,8/6/2022,August,8/6,2022,BELL,Pachydiplax,,BELL_D34,0,0,0,,nymph,8.488,2.595,** double check ID on the pachys for this section 
11/4/2022,8/6/2022,August,8/6,2022,BELL,Pachydiplax,,BELL_D35,0,0,0,,nymph,10.22,3.275,
11/4/2022,8/6/2022,August,8/6,2022,BELL,Pachydiplax,,BELL_D36,0,0,0,,nymph,8.024,2.637,
11/4/2022,8/6/2022,August,8/6,2022,BELL,Pachydiplax,,BELL_D37,0,0,0,,nymph,11.374,3.395,
11/4/2022,8/6/2022,August,8/6,2022,BELL,Pachydiplax,,BELL_D38,0,0,0,,nymph,11.226,3.173,
11/4/2022,8/6/2022,August,8/6,2022,BELL,Enallagma,,BELL_D39,0,0,0,,nymph,11.363,2.318,
11/4/2022,8/5/2022,August,8/5,2022,BELL,Enallagma,,BELL_D40,0,0,0,,nymph,3.871,0.772,
11/4/2022,8/5/2022,August,8/5,2022,BELL,Enallagma,,BELL_D41,0,0,0,,nymph,5.737,1.374,
11/4/2022,8/5/2022,August,8/5,2022,BELL,Enallagma,,BELL_D42,0,0,0,,nymph,5.146,1.728,
11/4/2022,8/5/2022,August,8/5,2022,BELL,Enallagma,,BELL_D43,0,0,0,,nymph,6.1528,1.528,
11/4/2022,8/5/2022,August,8/5,2022,BELL,Lestes,,BELL_D44,0,0,0,,nymph,7.471,1.753,
11/4/2022,8/5/2022,August,8/5,2022,BELL,Enallagma,,BELL_D45,0,0,0,,nymph,6.015,1.36,
11/4/2022,8/5/2022,August,8/5,2022,BELL,Enallagma,,BELL_D46,0,0,0,,nymph,6.089,1.136,
11/4/2022,8/5/2022,August,8/5,2022,BELL,Enallagma,,BELL_D47,0,0,0,,nymph,5.469,1.162,
11/4/2022,8/5/2022,August,8/5,2022,BELL,Enallagma,,BELL_D48,0,0,0,,nymph,6.674,1.468,
11/4/2022,8/5/2022,August,8/5,2022,BELL,Enallagma,,BELL_D49,0,0,0,,nymph,5.074,1.453,
11/4/2022,8/5/2022,August,8/5,2022,BELL,Enallagma,,BELL_D50,0,0,0,,nymph,6.503,1.727,
11/4/2022,8/5/2022,August,8/5,2022,BELL,Lestes,,BELL_D51,0,0,0,,nymph,6.432,1.493,
11/4/2022,8/5/2022,August,8/5,2022,BELL,Enallagma,,BELL_D52,0,0,0,,nymph,4.355,1.345,
11/4/2022,8/5/2022,August,8/5,2022,BELL,Enallagma,,BELL_D53,0,0,0,,nymph,5.424,1.495,
11/4/2022,8/5/2022,August,8/5,2022,BELL,Pachydiplax,,BELL_D54,0,0,0,,nymph,2.945,1.151,check ID-- very small
11/5/2022,8/6/2022,August,8/6,2022,LOWE,Pachydiplax,,LOWE_D112,0,0,0,,nymph,16.205,4.754,
11/5/2022,8/6/2022,August,8/6,2022,LOWE,Pachydiplax,,LOWE_D113,0,0,0,,nymph,17.014,5.054,
11/11/2022,8/6/2022,August,8/6,2022,LOWE,Pachydiplax,,LOWE_D114,0,0,0,,nymph,17.549,5.658,
11/11/2022,8/6/2022,August,8/6,2022,LOWE,Pachydiplax,,LOWE_D115,0,0,0,,nymph,17.83,5.338,
11/11/2022,8/6/2022,August,8/6,2022,LOWE,Pachydiplax,,LOWE_D116,0,0,0,,nymph,16.802,4.803,
11/11/2022,6/11/2022,June,6/11,2022,BELL,Enallagma,,BELL_D54,0,0,0,,nymph,9.562,2.52,
11/11/2022,6/11/2022,June,6/11,2022,BELL,Enallagma,,BELL_D55,0,1,1,1,nymph,9.164,2.234,
11/11/2022,6/11/2022,June,6/11,2022,BELL,Enallagma,,BELL_D56,0,0,0,,nymph,8.4,1.649,
11/11/2022,6/11/2022,June,6/11,2022,BELL,Enallagma,,BELL_D57,0,0,0,,nymph,8.539,2.055,
11/11/2022,6/11/2022,June,6/11,2022,BELL,Enallagma,,BELL_D58,0,0,0,,nymph,7.777,1.743,
11/11/2022,6/11/2022,June,6/11,2022,BELL,Enallagma,,BELL_D59,0,1,1,1,nymph,8.187,2.149,
11/11/2022,6/11/2022,June,6/11,2022,BELL,Ischnura,,BELL_D60,0,0,0,,nymph,10.273,2.484,
11/11/2022,6/11/2022,June,6/11,2022,BELL,Ischnura,,BELL_D61,0,0,0,,nymph,8.57,2.577,
11/11/2022,6/11/2022,June,6/11,2022,BELL,Erythemis,,BELL_D62,0,1,1,0,nymph,7.381,3.069,
11/11/2022,6/11/2022,June,6/11,2022,BELL,Pachydiplax,,BELL_D63,0,0,0,,nymph,5.993,2.037,
11/11/2022,6/11/2022,June,6/11,2022,BELL,Tramea,,BELL_D64,0,0,0,,nymph,7.702,2.935,
11/11/2022,6/11/2022,June,6/11,2022,BELL,Erythemis,,BELL_D65,0,0,0,,nymph,10.645,3.828,
11/11/2022,6/11/2022,June,6/11,2022,BELL,Erythemis,,BELL_D66,0,0,0,,nymph,6.882,3.082,
11/11/2022,6/11/2022,June,6/11,2022,BELL,Erythemis,,BELL_D67,0,0,0,,nymph,7.047,3.356,
11/11/2022,6/11/2022,June,6/11,2022,BELL,Erythemis,,BELL_D68,0,0,0,,nymph,6.834,2.577,
11/11/2022,6/11/2022,June,6/11,2022,BELL,Erythemis,,BELL_D69,0,0,0,,nymph,6.482,2.381,
11/11/2022,6/11/2022,June,6/11,2022,BELL,Erythemis,,BELL_D70,0,1,2,2,nymph,8.257,3.51,1 mystery cyst- maybe haem? unk
11/11/2022,6/11/2022,June,6/11,2022,BELL,Erythemis,,BELL_D71,0,1,1,1,nymph,8.667,3.058,
11/11/2022,6/11/2022,June,6/11,2022,BELL,Erythemis,,BELL_D72,0,0,0,,nymph,7.213,2.906,
11/12/2022,6/11/2022,June,6/11,2022,LOWE,Pachydiplax,,LOWE_D117,0,0,0,,nymph,15.792,5.501,
11/12/2022,6/11/2022,June,6/11,2022,LOWE,Pachydiplax,,LOWE_D118,1,0,1,0,nymph,15.939,5.434,
11/12/2022,6/11/2022,June,6/11,2022,LOWE,Pachydiplax,,LOWE_D119,0,2,2,2,nymph,16.569,5.411,
11/12/2022,6/11/2022,June,6/11,2022,LOWE,Pachydiplax,,LOWE_D120,0,0,0,,nymph,15.906,4.864,
11/14/2022,6/11/2022,June,6/11,2022,LOWE,Enallagma,,LOWE_D121,0,1,1,1,nymph,6.588,2.087,
11/14/2022,6/11/2022,June,6/11,2022,LOWE,Enallagma,,LOWE_D122,0,6,6,5,nymph,10.669,2.763,
11/14/2022,6/11/2022,June,6/11,2022,LOWE,Enallagma,,LOWE_D123,0,3,3,3,nymph,9.757,2.425,
11/14/2022,6/11/2022,June,6/11,2022,LOWE,Enallagma,,LOWE_D124,0,6,6,6,nymph,11.284,2.133,
11/14/2022,6/11/2022,June,6/11,2022,LOWE,Enallagma,,LOWE_D125,0,3,3,3,nymph,8.418,2.198,
11/14/2022,6/11/2022,June,6/11,2022,LOWE,Ischnura,,LOWE_D126,0,3,3,3,nymph,10.503,2.199,
11/14/2022,6/11/2022,June,6/11,2022,LOWE,Enallagma,,LOWE_D127,0,0,0,0,nymph,8.933,2.535,
11/14/2022,6/11/2022,June,6/11,2022,LOWE,Ischnura,,LOWE_D128,0,2,2,3,nymph,10.544,2.725,huge nematode!!
11/14/2022,6/11/2022,June,6/11,2022,LOWE,Ischnura,,LOWE_D129,0,2,2,2,nymph,10.104,2.914,
11/14/2022,6/11/2022,June,6/11,2022,LOWE,Pachydiplax,,LOWE_D130,0,0,0,,nymph,9.986,3.317,
11/14/2022,6/11/2022,June,6/11,2022,LOWE,Pachydiplax,,LOWE_D131,0,0,0,,nymph,13.739,4.951,
11/14/2022,6/11/2022,June,6/11,2022,LOWE,Pachydiplax,,LOWE_D132,1,0,1,1,nymph,12.761,4.332,
11/14/2022,6/11/2022,June,6/11,2022,LOWE,Tramea,,LOWE_D133,0,12,12,12,nymph,14.975,4.912,
11/14/2022,8/6/2022,August,8/6,2022,LOWE,Tramea,,LOWE_D134,0,0,0,,nymph,25.31,7.742,
11/14/2022,8/6/2022,August,8/6,2022,LOWE,Anax,,LOWE_D135,0,0,0,,nymph,15.34,3.875,
11/14/2022,8/6/2022,August,8/6,2022,LOWE,Tramea,,LOWE_D136,0,0,0,,nymph,10.468,3.977,
11/14/2022,8/6/2022,August,8/6,2022,LOWE,Tramea,,LOWE_D137,0,0,0,,nymph,7.232,2.649,
11/14/2022,8/6/2022,August,8/6,2022,LOWE,Tramea,,LOWE_D138,0,0,0,,nymph,14.868,4.834,
11/14/2022,8/6/2022,August,8/6,2022,LOWE,Pachydiplax,,LOWE_D139,0,0,0,,nymph,10.47,3.45,
11/14/2022,8/6/2022,August,8/6,2022,LOWE,Erythemis,,LOWE_D140,0,0,0,,nymph,9.32,3.432,
11/14/2022,8/6/2022,August,8/6,2022,LOWE,Tramea,,LOWE_D141,1,0,1,1,nymph,9.406,2.956,
11/14/2022,8/6/2022,August,8/6,2022,LOWE,Pachydiplax,,LOWE_D142,0,0,0,,nymph,9.992,2.996,
11/14/2022,8/6/2022,August,8/6,2022,LOWE,Pachydiplax,,LOWE_D143,0,0,0,,nymph,14.555,4.86,
11/14/2022,8/6/2022,August,8/6,2022,LOWE,Erythemis,,LOWE_D144,0,0,0,,nymph,9.503,3.356,
11/14/2022,8/6/2022,August,8/6,2022,LOWE,Pachydiplax,,LOWE_D145,0,0,0,,nymph,13.458,4.118,
11/14/2022,8/6/2022,August,8/6,2022,LOWE,Pachydiplax,,LOWE_D146,0,0,0,,nymph,15.395,5.218,
11/15/2022,6/11/2022,June,6/11,2022,LOWE,Anax,,LOWE_D147,1,2,3,3,nymph,20.32,5.565,
11/15/2022,6/11/2022,June,6/11,2022,LOWE,Pachydiplax,,LOWE_D148,0,0,0,,nymph,15.454,5.407,
11/15/2022,6/11/2022,June,6/11,2022,LOWE,Pachydiplax,,LOWE_D149,0,0,0,,nymph,18.889,5.969,
11/15/2022,6/11/2022,June,6/11,2022,LOWE,Ischnura,,LOWE_D150,0,0,0,,nymph,7.511,1.933,
11/15/2022,6/11/2022,June,6/11,2022,LOWE,Ischnura,,LOWE_D151,0,6,6,6,nymph,10.608,2.796,
11/15/2022,6/11/2022,June,6/11,2022,LOWE,Ischnura,,LOWE_D152,1,3,4,5,nymph,10.556,2.47,nematode! 
11/15/2022,6/11/2022,June,6/11,2022,LOWE,Enallagma,,LOWE_D153,0,0,0,,nymph,9.638,2.268,
11/15/2022,6/11/2022,June,6/11,2022,LOWE,Enallagma,,LOWE_D154,0,0,0,,nymph,7.982,1.957,
11/15/2022,6/11/2022,June,6/11,2022,LOWE,Enallagma,,LOWE_D155,0,2,2,2,nymph,7.419,1.804,
11/15/2022,6/11/2022,June,6/11,2022,LOWE,Enallagma,,LOWE_D156,0,0,0,,nymph,8.103,2.075,
11/16/2022,6/11/2022,June,6/11,2022,LOWE,Enallagma,,LOWE_D157,0,0,0,,nymph,9.223,2.26,
11/16/2022,6/11/2022,June,6/11,2022,LOWE,Enallagma,,LOWE_D158,0,8,8,8,nymph,11.917,2.829,
11/16/2022,6/11/2022,June,6/11,2022,LOWE,Anax,,LOWE_D159,0,0,0,,nymph,7.34,2.252,
11/16/2022,6/11/2022,June,6/11,2022,LOWE,Enallagma,,LOWE_D160,0,0,0,,nymph,8.545,2.153,
11/16/2022,6/11/2022,June,6/11,2022,LOWE,Enallagma,,LOWE_D161,0,0,0,,nymph,10.251,2.739,
11/17/2022,6/11/2022,June,6/11,2022,LOWE,Pachydiplax,,LOWE_D162,0,0,0,,nymph,13.27,5.155,
11/17/2022,6/11/2022,June,6/11,2022,LOWE,Pachydiplax,,LOWE_D163,0,0,0,,nymph,16.426,5.516,
11/17/2022,6/11/2022,June,6/11,2022,LOWE,Pachydiplax,,LOWE_D164,0,1,1,1,nymph,17.495,5.44,
11/17/2022,6/11/2022,June,6/11,2022,LOWE,Erythemis,,LOWE_D165,0,1,1,1,nymph,5.808,1.774,
11/17/2022,6/11/2022,June,6/11,2022,LOWE,Enallagma,,LOWE_D166,0,0,0,,nymph,6.923,1.602,
11/17/2022,6/11/2022,June,6/11,2022,LOWE,Enallagma,,LOWE_D167,0,0,0,,nymph,5.042,1.413,
11/17/2022,6/11/2022,June,6/11,2022,LOWE,Enallagma,,LOWE_D168,0,7,7,7,nymph,9.819,3.183,
11/17/2022,6/11/2022,June,6/11,2022,LOWE,Enallagma,,LOWE_D169,0,1,1,1,nymph,7.082,1.896,
11/17/2022,6/11/2022,June,6/11,2022,LOWE,Enallagma,,LOWE_D170,0,3,3,3,nymph,10.109,2.805,
11/17/2022,6/11/2022,June,6/11,2022,LOWE,Enallagma,,LOWE_D171,0,3,3,3,nymph,11.17,2.949,
11/17/2022,6/11/2022,June,6/11,2022,LOWE,Pachydiplax,,LOWE_D172,1,1,2,2,nymph,20.353,6.395,
11/17/2022,6/11/2022,June,6/11,2022,LOWE,Erythemis,,LOWE_D173,0,26,26,11,nymph,14.588,4.593,
11/17/2022,6/11/2022,June,6/11,2022,LOWE,Ischnura,,LOWE_D174,0,2,2,2,nymph,10.247,2.668,
11/17/2022,6/11/2022,June,6/11,2022,LOWE,Enallagma,,LOWE_D175,0,0,0,,nymph,9.284,2.073,
11/17/2022,6/11/2022,June,6/11,2022,LOWE,Enallagma,,LOWE_D176,0,0,0,,nymph,6.575,2.088,
11/17/2022,6/11/2022,June,6/11,2022,LOWE,Enallagma,,LOWE_D177,0,1,1,1,nymph,7.777,2.121,
11/17/2022,6/11/2022,June,6/11,2022,LOWE,Erythemis,,LOWE_D178,0,0,0,,nymph,5.559,1.93,
11/17/2022,6/11/2022,June,6/11,2022,LOWE,Ischnura,,LOWE_D179,0,0,0,,nymph,11.044,2.755,
11/17/2022,6/11/2022,June,6/11,2022,LOWE,Enallagma,,LOWE_D180,0,0,0,,nymph,7.747,2.067,
11/17/2022,6/11/2022,June,6/11,2022,LOWE,Enallagma,,LOWE_D181,0,0,0,,nymph,6.603,1.901,
11/17/2022,6/11/2022,June,6/11,2022,LOWE,Tramea,,LOWE_D182,0,5,5,3,nymph,26.214,8.167,
11/18/2022,6/11/2022,June,6/11,2022,LOWE,Pachydiplax,,LOWE_D183,0,0,0,,nymph,10.581,3.86,
11/18/2022,6/11/2022,June,6/11,2022,LOWE,Pachydiplax,,LOWE_D184,0,0,0,,nymph,7.749,2.734,
11/18/2022,6/11/2022,June,6/11,2022,LOWE,Pachydiplax,,LOWE_D185,0,0,0,,nymph,8.275,2.879,
11/18/2022,6/11/2022,June,6/11,2022,LOWE,Pachydiplax,,LOWE_D186,0,0,0,,nymph,14.194,4.548,
11/18/2022,6/11/2022,June,6/11,2022,LOWE,Pachydiplax,,LOWE_D187,0,0,0,,nymph,7.13,1.909,
11/18/2022,6/11/2022,June,6/11,2022,LOWE,Pachydiplax,,LOWE_D188,0,0,0,,nymph,10.766,3.767,
11/18/2022,6/11/2022,June,6/11,2022,LOWE,Pachydiplax,,LOWE_D189,0,0,0,,nymph,11.338,3.428,
11/18/2022,6/11/2022,June,6/11,2022,LOWE,Pachydiplax,,LOWE_D190,0,0,0,,nymph,8.401,2.911,
11/18/2022,6/11/2022,June,6/11,2022,LOWE,Pachydiplax,,LOWE_D191,0,0,0,,nymph,7.627,2.573,
11/21/2022,6/11/2022,June,6/11,2022,BELL,Enallagma,,BELL_D73,0,0,0,1,nymph,5.284,2.103,10 strange looking potential parasites in stomach . likely gregarines
11/21/2022,6/11/2022,June,6/11,2022,BELL,Ischnura,,BELL_D74,0,0,0,,nymph,10.483,2.472,
11/21/2022,6/11/2022,June,6/11,2022,BELL,Ischnura,,BELL_D75,0,0,0,1,nymph,10.047,2.426,70+ gregarines
11/21/2022,6/11/2022,June,6/11,2022,BELL,Ischnura,,BELL_D76,0,1,1,1,nymph,9.531,2.476,1 gregarine
11/21/2022,6/11/2022,June,6/11,2022,BELL,Enallagma,,BELL_D77,0,0,0,,nymph,9.494,2.677,
11/21/2022,6/11/2022,June,6/11,2022,BELL,Enallagma,,BELL_D78,0,1,1,1,nymph,9.034,2.58,
11/21/2022,6/11/2022,June,6/11,2022,BELL,Enallagma,,BELL_D79,0,1,1,1,nymph,11.588,2.746,
11/21/2022,6/11/2022,June,6/11,2022,BELL,Ischnura,,BELL_D80,0,1,1,1,nymph,11.374,2.268,
11/21/2022,6/11/2022,June,6/11,2022,BELL,Erythemis,,BELL_D81,0,0,0,,nymph,3.476,1.354,
11/21/2022,6/11/2022,June,6/11,2022,BELL,Tramea,,BELL_D82,0,0,0,,nymph,2.328,0.808,
11/21/2022,6/11/2022,June,6/11,2022,BELL,Enallagma,,BELL_D83,0,0,0,,nymph,5.406,1.608,
11/21/2022,6/11/2022,June,6/11,2022,BELL,Ischnura,,BELL_D84,0,0,0,,nymph,8.408,2.589,4 gregarines
11/21/2022,6/11/2022,June,6/11,2022,BELL,Ischnura,,BELL_D85,0,0,0,,nymph,11.239,3.15,1 greg
11/21/2022,6/11/2022,June,6/11,2022,BELL,Ischnura,,BELL_D86,0,0,0,,nymph,10.572,2.84,3 gregs
11/21/2022,6/11/2022,June,6/11,2022,BELL,Enallagma,,BELL_D87,0,0,0,,nymph,11.467,2.829,
11/21/2022,6/11/2022,June,6/11,2022,BELL,Ischnura,,BELL_D88,0,0,0,,nymph,11.593,2.729,
11/21/2022,6/11/2022,June,6/11,2022,BELL,Enallagma,,BELL_D89,0,0,0,,nymph,10.931,2.733,
11/21/2022,6/11/2022,June,6/11,2022,BELL,Ischnura,,BELL_D90,0,0,0,,nymph,13.874,2.725,
11/21/2022,6/11/2022,June,6/11,2022,BELL,Ischnura,,BELL_D91,0,0,0,,nymph,11.383,2.838,
11/21/2022,6/11/2022,June,6/11,2022,BELL,Damsel,,BELL_D92,0,0,0,,nymph,,,
11/25/2022,6/11/2022,June,6/11,2022,BELL,Lestes,,BELL_D93,0,0,0,,nymph,8.225,1.643,
11/25/2022,6/11/2022,June,6/11,2022,BELL,Enallagma,,BELL_D94,0,0,0,,nymph,10.825,2.857,5 gregs
11/25/2022,6/11/2022,June,6/11,2022,BELL,Enallagma,,BELL_D95,0,0,0,,nymph,6.555,1.741,3 gregs
11/25/2022,6/11/2022,June,6/11,2022,BELL,Enallagma,,BELL_D96,0,0,0,,nymph,9.718,1.954,
11/25/2022,6/11/2022,June,6/11,2022,BELL,Ischnura,,BELL_D97,0,1,1,,nymph,8.296,2.268,nematode with eggs in stomach
11/25/2022,6/11/2022,June,6/11,2022,BELL,Enallagma,,BELL_D98,0,0,0,,nymph,7.674,2.121,
11/26/2022,6/11/2022,June,6/11,2022,BELL,Enallagma,,BELL_D99,0,0,0,,nymph,6.873,1.66,
11/26/2022,6/11/2022,June,6/11,2022,BELL,Ischnura,,BELL_D100,0,0,0,,nymph,8.836,2.099,15 gregs
11/26/2022,6/11/2022,June,6/11,2022,BELL,Enallagma,,BELL_D101,0,0,0,,nymph,6.458,1.943,
11/26/2022,6/11/2022,June,6/11,2022,BELL,Enallagma,,BELL_D102,0,0,0,,nymph,5.176,1.599,2 gregs
11/26/2022,6/11/2022,June,6/11,2022,BELL,Enallagma,,BELL_D103,0,0,0,,nymph,4.137,1.382,
11/26/2022,6/11/2022,June,6/11,2022,BELL,Erythemis,,BELL_D104,0,1,1,1,nymph,11.382,3.186,
11/26/2022,6/11/2022,June,6/11,2022,BELL,Tramea,,BELL_D105,0,0,0,,nymph,5.526,1.716,might be pachy? small
11/26/2022,6/11/2022,June,6/11,2022,BELL,Enallagma,,BELL_D106,0,0,0,,nymph,7.149,2.332,1 greg
11/26/2022,6/11/2022,June,6/11,2022,BELL,Erythemis,,BELL_D107,0,0,0,,nymph,6.701,2.426,
11/26/2022,6/11/2022,June,6/11,2022,BELL,Erythemis,,BELL_D108,0,0,0,,nymph,4.391,1.875,
11/28/2022,5/3/2022,May,5/3,2022,LOWE,Anax,,LOWE_D192,4,230,234,5,nymph,33.779,8.327,saved about 100 haem in same tube for gen analysis . 1 ambiguous half meta thst could be either haem or hali.. leanming hali
12/1/2022,6/11/2022,June,6/11,2022,BELL,Erythemis,,BELL_D109,0,5,5,5,nymph,5.292,2.229,
12/1/2022,6/11/2022,June,6/11,2022,BELL,Erythemis,,BELL_D110,0,0,0,,nymph,4.543,1.986,
12/1/2022,6/11/2022,June,6/11,2022,BELL,Tramea,,BELL_D111,0,0,0,,nymph,5.995,2.336,
12/1/2022,5/3/2022,May,5/3,2022,BELL,Anax,,BELL_D112,0,2,2,2,nymph,9.498,3.013,
12/1/2022,5/3/2022,May,5/3,2022,LOWE,Libellula,,LOWE_D193,5,0,5,5,nymph,18.999,6.179,
12/1/2022,6/11/2022,June,6/11,2022,LOWE,Tramea,,LOWE_D194,1,25,26,6,nymph,27.243,8.107,accidentally crushed hali- hopefully ok. grouped most haem insame  tube
12/1/2022,8/4/2022,August,8/4,2022,LOWE,Anax,,LOWE_D195,0,0,0,,nymph,24.971,5.211,
12/1/2022,8/4/2022,August,8/4,2022,LOWE,Anax,,LOWE_D196,0,0,0,,nymph,23.949,5.124,
12/1/2022,8/4/2022,August,8/4,2022,LOWE,Anax,,LOWE_D197,0,0,0,,nymph,21.713,4.545,
12/2/2022,6/11/2022,June,6/11,2022,BELL,Erythemis,,BELL_D113,0,0,0,,nymph,7.439,2.916,
12/2/2022,6/11/2022,June,6/11,2022,BELL,Tramea,,BELL_D114,0,0,0,,nymph,13.48,4.364,
12/2/2022,6/11/2022,June,6/11,2022,BELL,Tramea,,BELL_D115,0,0,0,,nymph,18.743,5.916,
12/2/2022,5/3/2022,May,5/3,2022,LOWE,Pachydiplax,,LOWE_D198,3,0,3,3,nymph,11.962,3.907,
12/2/2022,5/3/2022,May,5/3,2022,LOWE,Pachydiplax,,LOWE_D199,0,0,0,,nymph,9.347,3.303,
12/2/2022,5/3/2022,May,5/3,2022,LOWE,Pachydiplax,,LOWE_D200,1,0,1,1,nymph,8.775,3.251,
12/2/2022,5/3/2022,May,5/3,2022,LOWE,Pachydiplax,,LOWE_D201,1,0,1,1,nymph,8.578,3.211,
12/2/2022,5/3/2022,May,5/3,2022,LOWE,Pachydiplax,,LOWE_D202,0,0,0,,nymph,17.268,5.539,
12/2/2022,5/3/2022,May,5/3,2022,LOWE,Pachydiplax,,LOWE_D203,3,0,3,3,nymph,12.69,3.981,
12/2/2022,6/11/2022,June,6/11,2022,BELL,Lestes,,BELL_D116,0,0,0,,nymph,5.533,1.359,
12/2/2022,6/11/2022,June,6/11,2022,BELL,Enallagma,,BELL_D117,0,0,0,,nymph,6.294,2.48,1 greg
12/2/2022,6/11/2022,June,6/11,2022,BELL,Enallagma,,BELL_D118,0,0,0,,nymph,8.353,2.328,1 greg
12/2/2022,6/11/2022,June,6/11,2022,BELL,Enallagma,,BELL_D119,0,1,1,1,nymph,6.004,1.908,
12/4/2022,6/11/2022,June,6/11,2022,BELL,Ischnura,,BELL_D120,0,1,1,1,nymph,10.17,2.647,
12/4/2022,6/11/2022,June,6/11,2022,BELL,Enallagma,,BELL_D121,0,0,0,,nymph,7.482,2.087,1 greg
12/4/2022,6/11/2022,June,6/11,2022,BELL,Ischnura,,BELL_D122,0,0,0,,nymph,11.274,2.447,
12/4/2022,6/11/2022,June,6/11,2022,BELL,Ischnura,,BELL_D123,0,0,0,,nymph,10.234,2.728,
12/4/2022,6/11/2022,June,6/11,2022,BELL,Ischnura,,BELL_D124,0,14,14,14,nymph,10.593,2.639,
12/4/2022,6/11/2022,June,6/11,2022,BELL,Ischnura,,BELL_D125,0,0,0,,nymph,9.706,2.705,
12/4/2022,6/11/2022,June,6/11,2022,BELL,Enallagma,,BELL_D126,0,1,1,1,nymph,9.52,2.627,
12/4/2022,6/11/2022,June,6/11,2022,BELL,Lestes,,BELL_D127,0,0,0,,nymph,12.02,2.915,
12/4/2022,8/5/2022,August,8/5,2022,BELL,Erythemis,,BELL_D128,0,0,0,,nymph,7.655,3.433,
12/4/2022,8/5/2022,August,8/5,2022,BELL,Erythemis,,BELL_D129,0,0,0,,nymph,7.636,3.154,
12/4/2022,8/5/2022,August,8/5,2022,BELL,Erythemis,,BELL_D130,0,0,0,,nymph,13.816,4.907,
12/4/2022,8/5/2022,August,8/5,2022,BELL,Pachydiplax,,BELL_D131,0,0,0,,nymph,12.196,3.524,"ambiguous-- head a little weird to be Pachy. check ID, see separate photo"
12/5/2022,5/3/2022,May,5/3,2022,BELL,Ischnura,,BELL_D132,0,0,0,,nymph,12.268,3.348,
12/5/2022,5/3/2022,May,5/3,2022,BELL,Enallagma,,BELL_D133,0,0,0,,nymph,8.31,2.165,
12/5/2022,5/3/2022,May,5/3,2022,BELL,Enallagma,,BELL_D134,0,1,1,1,nymph,7.775,1.735,1 haem cyst looks a little off-- very light. p sure it's haem? 
12/5/2022,5/3/2022,May,5/3,2022,BELL,Enallagma,,BELL_D135,0,1,1,1,nymph,10.81,2.768,
12/5/2022,5/3/2022,May,5/3,2022,BELL,Enallagma,,BELL_D136,0,0,0,,nymph,8.273,2.328,
12/5/2022,5/3/2022,May,5/3,2022,BELL,Enallagma,,BELL_D137,0,1,1,1,nymph,7.888,2.031,
12/5/2022,5/3/2022,May,5/3,2022,BELL,Ischnura,,BELL_D138,0,2,2,2,nymph,9.892,2.762,
12/5/2022,5/3/2022,May,5/3,2022,BELL,Ischnura,,BELL_D139,0,8,8,8,nymph,16.458,3.475,
12/8/2022,6/11/2022,June,6/11,2022,BELL,Erythemis,,BELL_D140,0,0,0,,nymph,4.654,1.822,
12/8/2022,6/11/2022,June,6/11,2022,BELL,Erythemis,,BELL_D141,0,0,0,,nymph,7.815,3.162,
12/8/2022,6/11/2022,June,6/11,2022,BELL,Erythemis,,BELL_D142,0,1,1,1,nymph,5.524,2.401,
12/8/2022,6/11/2022,June,6/11,2022,BELL,Erythemis,,BELL_D143,0,0,0,,nymph,8.67,3.227,
12/8/2022,6/11/2022,June,6/11,2022,BELL,Erythemis,,BELL_D144,0,0,0,,nymph,6.598,2.318,
12/8/2022,5/3/2022,May,5/3,2022,BELL,Erythemis,,BELL_D145,0,0,0,,nymph,13.627,4.673,
12/8/2022,5/3/2022,May,5/3,2022,BELL,Erythemis,,BELL_D146,0,5,5,4,nymph,16.562,5.069,lost 1 cyst
12/8/2022,5/3/2022,May,5/3,2022,BELL,Erythemis,,BELL_D147,0,7,7,7,nymph,14.337,4.169,
12/8/2022,5/3/2022,May,5/3,2022,LOWE,Pachydiplax,,LOWE_D204,1,0,1,1,nymph,9.042,2.985,
12/8/2022,5/3/2022,May,5/3,2022,LOWE,Pachydiplax,,LOWE_D205,3,0,3,3,nymph,9.051,3.126,
12/8/2022,5/3/2022,May,5/3,2022,LOWE,Pachydiplax,,LOWE_D206,0,0,0,,nymph,9.562,2.975,
12/8/2022,5/3/2022,May,5/3,2022,LOWE,Pachydiplax,,LOWE_D207,0,0,0,,nymph,9.948,3.148,
12/8/2022,5/3/2022,May,5/3,2022,LOWE,Pachydiplax,,LOWE_D208,0,0,0,,nymph,5.702,2.045,
12/8/2022,5/3/2022,May,5/3,2022,LOWE,Pachydiplax,,LOWE_D209,1,0,1,1,nymph,9.931,2.714,
12/9/2022,6/11/2022,June,6/11,2022,BELL,Erythemis,,BELL_D148,0,1,1,,nymph,8.113,3.227,
12/9/2022,6/11/2022,June,6/11,2022,BELL,Erythemis,,BELL_D149,0,0,0,,nymph,7.819,3.191,
12/9/2022,6/11/2022,June,6/11,2022,BELL,Erythemis,,BELL_D150,0,2,2,,nymph,4.985,2.126,
12/9/2022,6/11/2022,June,6/11,2022,BELL,Erythemis,,BELL_D151,0,0,0,,nymph,8.792,3.229,
12/11/2022,6/11/2022,June,6/11,2022,BELL,Erythemis,,BELL_D152,0,0,0,,nymph,13.71,4.573,
12/11/2022,6/11/2022,June,6/11,2022,BELL,Tramea,,BELL_D153,0,1,1,2,nymph,9.884,3.397,7 weird echino looking cysts-- saved
12/11/2022,6/11/2022,June,6/11,2022,BELL,Pachydiplax,,BELL_D154,0,0,0,,nymph,6.053,1.771,check ID- see photo. odd looking pachy 
12/11/2022,6/11/2022,June,6/11,2022,BELL,Erythemis,,BELL_D155,0,0,0,,nymph,7,2.753,
12/11/2022,6/11/2022,June,6/11,2022,BELL,Erythemis,,BELL_D156,0,1,1,1,nymph,6.756,2.618,
12/11/2022,6/11/2022,June,6/11,2022,BELL,Erythemis,,BELL_D157,0,0,0,,nymph,6.359,2.566,
12/11/2022,6/11/2022,June,6/11,2022,BELL,Erythemis,,BELL_D158,0,0,0,,nymph,7.559,2.37,
12/12/2022,6/11/2022,June,6/11,2022,BELL,Ischnura,,BELL_D159,0,7,7,7,nymph,9.92,2.907,
12/12/2022,6/11/2022,June,6/11,2022,BELL,Enallagma,,BELL_D160,0,1,1,1,nymph,9.374,2.874,
12/12/2022,6/11/2022,June,6/11,2022,BELL,Ischnura,,BELL_D161,0,0,0,,nymph,10.271,3.045,
12/12/2022,6/11/2022,June,6/11,2022,BELL,Enallagma,,BELL_D162,0,0,0,,nymph,8.381,2.313,
12/12/2022,6/11/2022,June,6/11,2022,BELL,Enallagma,,BELL_D163,0,0,0,,nymph,8.941,2.571,1 greg
12/12/2022,6/11/2022,June,6/11,2022,BELL,Lestes,,BELL_D164,0,0,0,,nymph,6.858,1.709,
12/13/2022,8/5/2022,August,8/5,2022,BELL,Erythemis,,BELL_D165,0,0,0,,nymph,6.317,2.319,
12/13/2022,8/5/2022,August,8/5,2022,BELL,Pachydiplax,,BELL_D166,0,0,0,,nymph,6.245,1.768,
12/13/2022,8/5/2022,August,8/5,2022,BELL,Pachydiplax,,BELL_D167,0,0,0,,nymph,7.099,2.324,
12/13/2022,8/5/2022,August,8/5,2022,BELL,Pachydiplax,,BELL_D168,0,0,0,,nymph,8.523,3.095,
12/13/2022,8/5/2022,August,8/5,2022,BELL,Pachydiplax,,BELL_D169,0,0,0,,nymph,12.703,3.955,
12/13/2022,8/5/2022,August,8/5,2022,BELL,Pachydiplax,,BELL_D170,0,0,0,,nymph,6.402,2.309,
12/14/2022,6/11/2022,June,6/11,2022,BELL,Enallagma,,BELL_D171,0,0,0,,nymph,8.651,2.59,1 greg
12/14/2022,6/11/2022,June,6/11,2022,BELL,Enallagma,,BELL_D172,0,0,0,,nymph,9.441,2.72,16 gregs
12/14/2022,6/11/2022,June,6/11,2022,BELL,Enallagma,,BELL_D173,0,0,0,,nymph,6.307,1.692,
12/14/2022,6/11/2022,June,6/11,2022,BELL,Enallagma,,BELL_D174,0,0,0,,nymph,8.637,2.259,
12/14/2022,6/11/2022,June,6/11,2022,BELL,Lestes,,BELL_D175,0,0,0,,nymph,12.432,2.799,
12/14/2022,6/11/2022,June,6/11,2022,BELL,Ischnura,,BELL_D176,0,2,2,2,nymph,9.396,2.601,
12/14/2022,6/11/2022,June,6/11,2022,BELL,Ischnura,,BELL_D177,0,0,0,,nymph,8.614,2.524,
12/14/2022,6/11/2022,June,6/11,2022,BELL,Ischnura,,BELL_D178,0,0,0,,nymph,10.393,2.738,
12/14/2022,6/11/2022,June,6/11,2022,BELL,Enallagma,,BELL_D179,0,0,0,,nymph,7.182,2.151,2 gregs
12/14/2022,8/1/2020,August,8/1,2020,BELL,Erythemis,,BELL_D180,0,0,0,,nymph,14.031,5.163,
12/14/2022,8/1/2020,August,8/1,2020,BELL,Pachydiplax,,BELL_D181,0,0,0,,nymph,19.498,5.851,check ID- weird lopokin
12/14/2022,8/1/2020,August,8/1,2020,BELL,Erythemis,,BELL_D182,0,0,0,,nymph,7.368,2.327,
12/14/2022,8/1/2020,August,8/1,2020,BELL,Erythemis,,BELL_D183,0,0,0,,nymph,5.41,2.052,
12/14/2022,8/1/2020,August,8/1,2020,BELL,Erythemis,,BELL_D184,0,0,0,,nymph,11.362,3.901,
12/14/2022,8/1/2020,August,8/1,2020,BELL,Erythemis,,BELL_D185,0,0,0,,nymph,8.38,3.012,
12/14/2022,8/1/2020,August,8/1,2020,BELL,Erythemis,,BELL_D186,0,0,0,,nymph,8.852,2.944,
12/14/2022,8/1/2020,August,8/1,2020,BELL,Erythemis,,BELL_D187,0,0,0,,nymph,3.9,1.563,
12/14/2022,8/1/2020,August,8/1,2020,BELL,Erythemis,,BELL_D188,0,0,0,,nymph,4.408,1.471,
1/14/2023,8/5/2022,August,8/5,2022,BELL,Enallagma,,BELL_D189,0,0,0,,nymph,8.488,1.868,
1/14/2023,8/5/2022,August,8/5,2022,BELL,Enallagma,,BELL_D190,0,0,0,,nymph,7.717,2.656,
1/14/2023,8/5/2022,August,8/5,2022,BELL,Ischnura,,BELL_D191,0,0,0,,nymph,8.942,2.725,
1/14/2023,8/5/2022,August,8/5,2022,BELL,Lestes,,BELL_D192,0,0,0,,nymph,10.517,2.336,
1/14/2023,8/5/2022,August,8/5,2022,BELL,Enallagma,,BELL_D193,0,0,0,,nymph,8.512,2.143,2 gregs
1/14/2023,8/5/2022,August,8/5,2022,BELL,Enallagma,,BELL_D194,0,0,0,,nymph,7.944,1.99,
1/14/2023,8/5/2022,August,8/5,2022,BELL,Ischnura,,BELL_D195,0,0,0,,nymph,8.75,2.496,
1/14/2023,8/5/2022,August,8/5,2022,BELL,Ischnura,,BELL_D196,0,0,0,,nymph,9.611,2.502,
1/14/2023,8/6/2022,August,8/6,2022,BELL,Erythemis,,BELL_D197,0,0,0,,nymph,4.9,1.498,
1/14/2023,8/6/2022,August,8/6,2022,BELL,Ischnura,,BELL_D198,0,0,0,,nymph,10.063,2.852,
1/14/2023,8/6/2022,August,8/6,2022,BELL,Pachydiplax,,BELL_D199,0,0,0,,nymph,10.909,3.24,
1/14/2023,8/6/2022,August,8/6,2022,BELL,Enallagma,,BELL_D200,0,0,0,,nymph,9.556,2.559,
1/14/2023,8/6/2022,August,8/6,2022,BELL,Ischnura,,BELL_D201,0,0,0,,nymph,13.059,2.476,
1/14/2023,8/6/2022,August,8/6,2022,BELL,Erythemis,,BELL_D202,0,0,0,,nymph,4.914,1.949,
1/14/2023,8/6/2022,August,8/6,2022,BELL,Erythemis,,BELL_D203,0,0,0,,nymph,3.818,1.309,
1/14/2023,6/11/2022,June,6/11,2022,BELL,Enallagma,,BELL_D204,0,3,3,3,nymph,7.425,2.317,
1/14/2023,6/11/2022,June,6/11,2022,BELL,Enallagma,,BELL_D205,0,0,0,,nymph,7.06,2.049,
1/14/2023,6/11/2022,June,6/11,2022,BELL,Ischnura,,BELL_D206,0,0,0,,nymph,8.998,2.99,1 nematode with eggs
1/14/2023,6/11/2022,June,6/11,2022,BELL,Enallagma,,BELL_D207,0,0,0,,nymph,5.497,1.752,
1/14/2023,6/11/2022,June,6/11,2022,BELL,Enallagma,,BELL_D208,0,0,0,,nymph,10.643,2.405,
1/14/2023,6/11/2022,June,6/11,2022,BELL,Enallagma,,BELL_D209,0,0,0,,nymph,8.733,2.195,
1/14/2023,6/11/2022,June,6/11,2022,BELL,Enallagma,,BELL_D210,0,0,0,,nymph,7.164,2.047,
1/17/2023,7/21/2020,July,7/21,2020,LOWE,Pachydiplax,,LOWE_D210,0,0,0,,metamorph,28.56,6.165,
1/17/2023,7/21/2020,July,7/21,2020,LOWE,Pachydiplax,,LOWE_D211,0,0,0,,metamorph,30.322,5.204,
1/17/2023,7/21/2020,July,7/21,2020,LOWE,Pachydiplax,,LOWE_D212,0,0,0,,metamorph,31.379,5.527,
1/18/2023,6/11/2022,June,6/11,2022,BELL,Ischnura,,BELL_D211,0,1,1,1,nymph,10.49,2.832,2 gregs
1/18/2023,6/11/2022,June,6/11,2022,BELL,Ischnura,,BELL_D212,0,0,0,,nymph,9.85,2.657,7 gregs
1/18/2023,6/11/2022,June,6/11,2022,BELL,Lestes,,BELL_D213,0,0,0,,nymph,8.346,1.858,
1/18/2023,6/11/2022,June,6/11,2022,BELL,Ischnura,,BELL_D214,0,2,2,2,nymph,11.396,2.637,
1/18/2023,6/11/2022,June,6/11,2022,BELL,Ischnura,,BELL_D215,0,6,6,6,nymph,9.274,2.284,
1/18/2023,6/11/2022,June,6/11,2022,BELL,Lestes,,BELL_D216,0,1,1,1,nymph,12.749,3.03,
1/18/2023,6/11/2022,June,6/11,2022,BELL,Enallagma,,BELL_D217,0,0,0,,nymph,11.919,2.666,
1/18/2023,6/11/2022,June,6/11,2022,BELL,Erythemis,,BELL_D218,0,5,5,5,nymph,7.638,3.163,
1/18/2023,6/11/2022,June,6/11,2022,BELL,Erythemis,,BELL_D219,0,0,0,,nymph,8.303,3.241,
1/18/2023,6/11/2022,June,6/11,2022,BELL,Erythemis,,BELL_D220,0,0,0,,nymph,5.11,1.956,
1/18/2023,6/11/2022,June,6/11,2022,BELL,Erythemis,,BELL_D221,0,0,0,,nymph,10.159,4.192,
1/18/2023,6/11/2022,June,6/11,2022,BELL,Erythemis,,BELL_D222,0,0,0,,nymph,11.001,3.514,
1/18/2023,6/11/2022,June,6/11,2022,BELL,Libellula,,BELL_D223,0,0,0,,nymph,14.329,3.789,
1/26/2023,6/11/2022,June,6/11,2022,BELL,Enallagma,,BELL_D224,0,0,0,,nymph,9.636,2.899,
1/26/2023,6/11/2022,June,6/11,2022,BELL,Enallagma,,BELL_D225,0,0,0,,nymph,7.253,2.313,
1/26/2023,6/11/2022,June,6/11,2022,BELL,Enallagma,,BELL_D226,0,0,0,,nymph,7.03,2.075,
1/26/2023,6/11/2022,June,6/11,2022,BELL,Enallagma,,BELL_D227,0,1,1,1,nymph,7.278,2.073,
1/26/2023,6/11/2022,June,6/11,2022,BELL,Ischnura,,BELL_D228,0,0,0,,nymph,7.343,2.226,
1/26/2023,6/11/2022,June,6/11,2022,BELL,Enallagma,,BELL_D229,0,1,1,1,nymph,8.03,2.373,
1/26/2023,6/11/2022,June,6/11,2022,BELL,Ischnura,,BELL_D230,0,9,9,9,nymph,8.318,2.117,
1/26/2023,6/11/2022,June,6/11,2022,BELL,Enallagma,,BELL_D231,0,0,0,,nymph,6.543,2.147,
1/26/2023,6/11/2022,June,6/11,2022,BELL,Enallagma,,BELL_D232,0,0,0,,nymph,6.026,2.008,
1/26/2023,6/11/2022,June,6/11,2022,BELL,Enallagma,,BELL_D233,0,1,1,1,nymph,6.87,2.132,