date_collect,date_dissect,site,species_host,position,ID,inf,species_par,length,gen_sample,notes
5/4/2022,5/6/2022,BELL,LYMN,A1,BELL_001,,,,,
5/4/2022,5/6/2022,BELL,LYMN,A2,BELL_002,,,,,
5/4/2022,5/6/2022,BELL,LYMN,A3,BELL_003,,,,,
5/4/2022,5/6/2022,BELL,LYMN,A4,BELL_004,,,,,
5/4/2022,5/6/2022,BELL,LYMN,A5,BELL_005,,,,,
5/4/2022,5/6/2022,BELL,LYMN,A6,BELL_006,,,,,
5/4/2022,5/6/2022,BELL,LYMN,A7,BELL_007,Y,HAEM,,Y,
5/4/2022,5/6/2022,BELL,LYMN,A8,BELL_008,Y,HAEM,,Y,
5/4/2022,5/6/2022,BELL,LYMN,A9,BELL_009,,,,,
5/4/2022,5/6/2022,BELL,LYMN,A10,BELL_010,,,,,
5/4/2022,5/6/2022,BELL,LYMN,B1,BELL_011,,,,,
5/4/2022,5/6/2022,BELL,LYMN,B2,BELL_012,Y,HAEM,,Y,
5/4/2022,5/6/2022,BELL,LYMN,B3,BELL_013,,,,,
5/4/2022,5/6/2022,BELL,LYMN,B4,BELL_014,,,,,
5/4/2022,5/6/2022,BELL,LYMN,B5,BELL_015,,,,,
5/4/2022,5/6/2022,BELL,LYMN,B6,BELL_016,Y,ECHINO,,Y,
5/4/2022,5/6/2022,BELL,LYMN,B7,BELL_017,,,,,
5/4/2022,5/6/2022,BELL,LYMN,B8,BELL_018,,,,,
5/4/2022,5/6/2022,BELL,LYMN,B9,BELL_019,,,,,
5/4/2022,5/6/2022,BELL,LYMN,B10,BELL_020,,,,,
5/4/2022,5/6/2022,BELL,LYMN,C1,BELL_021,Y,HAEM,,Y,
5/4/2022,5/6/2022,BELL,LYMN,C2,BELL_022,,,,,
5/4/2022,5/6/2022,BELL,LYMN,C3,BELL_023,Y,ECHINO,,N,
5/4/2022,5/6/2022,BELL,LYMN,C4,BELL_024,,,,,
5/4/2022,5/6/2022,BELL,LYMN,C5,BELL_025,,,,,
5/4/2022,5/6/2022,BELL,LYMN,C6,BELL_026,,,,,
5/4/2022,5/6/2022,BELL,LYMN,C7,BELL_027,,,,,
5/4/2022,5/6/2022,BELL,LYMN,C8,BELL_028,,,,,
5/4/2022,5/6/2022,BELL,LYMN,C9,BELL_029,,,,,
5/4/2022,5/6/2022,BELL,LYMN,C10,BELL_030,Y,HAEM,,Y,
5/4/2022,5/6/2022,BELL,LYMN,D1,BELL_031,,,,,
5/4/2022,5/6/2022,BELL,LYMN,D2,BELL_032,,,,,
5/4/2022,5/6/2022,BELL,LYMN,D3,BELL_033,,,,,
5/4/2022,5/6/2022,BELL,LYMN,D4,BELL_034,Y,IMMATURE,,N,LIKELY ECHINO
5/4/2022,5/6/2022,BELL,LYMN,D5,BELL_035,,,,,
5/4/2022,5/6/2022,BELL,LYMN,D6,BELL_036,,,,,
5/4/2022,5/6/2022,BELL,LYMN,D7,BELL_037,,,,,
5/4/2022,5/6/2022,BELL,LYMN,D8,BELL_038,,,,,
5/4/2022,5/6/2022,BELL,LYMN,D9,BELL_039,Y,HAEM,,Y,
5/4/2022,5/6/2022,BELL,LYMN,D10,BELL_040,,,,,
5/4/2022,5/6/2022,BELL,LYMN,E1,BELL_041,,,,,
5/4/2022,5/6/2022,BELL,LYMN,E2,BELL_042,,,,,
5/4/2022,5/6/2022,BELL,LYMN,E3,BELL_043,,,,,
5/4/2022,5/6/2022,BELL,LYMN,E4,BELL_044,,,,,
5/4/2022,5/6/2022,BELL,LYMN,E5,BELL_045,Y,HAEM,,Y,
5/4/2022,5/6/2022,BELL,LYMN,E6,BELL_046,,,,,
5/4/2022,5/6/2022,BELL,LYMN,E7,BELL_047,,,,,
5/4/2022,5/6/2022,BELL,LYMN,E8,BELL_048,,,,,
5/4/2022,5/6/2022,BELL,LYMN,E9,BELL_049,,,,,
5/4/2022,5/6/2022,BELL,LYMN,E10,BELL_050,,,,,
5/4/2022,5/6/2022,BELL,LYMN,F1,BELL_051,Y,HAEM,,Y,
5/4/2022,5/6/2022,BELL,LYMN,F2,BELL_052,,,,,
5/4/2022,5/6/2022,BELL,LYMN,F3,BELL_053,,,,,
5/4/2022,5/6/2022,BELL,LYMN,F4,BELL_054,,,,,
5/4/2022,5/6/2022,BELL,LYMN,F5,BELL_055,,,,,
5/4/2022,5/6/2022,BELL,LYMN,F6,BELL_056,Y,ECHINO,,N,
5/4/2022,5/6/2022,BELL,LYMN,F7,BELL_057,,,,,
5/4/2022,5/6/2022,BELL,LYMN,F8,BELL_058,,,,,
5/4/2022,5/6/2022,BELL,LYMN,F9,BELL_059,,,,,
5/4/2022,5/6/2022,BELL,LYMN,F10,BELL_060,,,,,
5/4/2022,5/6/2022,BELL,LYMN,G1,BELL_061,Y,HAEM,,Y,
5/4/2022,5/6/2022,BELL,LYMN,G2,BELL_062,Y,HAEM,,Y,
5/4/2022,5/6/2022,BELL,LYMN,G3,BELL_063,,,,,
5/4/2022,5/6/2022,BELL,LYMN,G4,BELL_064,,,,,
5/4/2022,5/6/2022,BELL,LYMN,G5,BELL_065,,,,,
5/4/2022,5/6/2022,BELL,LYMN,G6,BELL_066,Y,HAEM,,Y,
5/4/2022,5/6/2022,BELL,LYMN,G7,BELL_067,,,,,
5/4/2022,5/6/2022,BELL,LYMN,G8,BELL_068,,,,,
5/4/2022,5/6/2022,BELL,LYMN,G9,BELL_069,,,,,
5/4/2022,5/6/2022,BELL,LYMN,G10,BELL_070,,,,,
5/4/2022,5/6/2022,BELL,LYMN,H1,BELL_071,Y,ECHINO,,N,
5/4/2022,5/6/2022,BELL,LYMN,H2,BELL_072,,,,,
5/4/2022,5/6/2022,BELL,LYMN,H3,BELL_073,,,,,
5/4/2022,5/6/2022,BELL,LYMN,H4,BELL_074,,,,,
5/4/2022,5/6/2022,BELL,LYMN,H5,BELL_075,,,,,
5/4/2022,5/6/2022,BELL,LYMN,H6,BELL_076,,,,,
5/4/2022,5/6/2022,BELL,LYMN,H7,BELL_077,,,,,
5/4/2022,5/6/2022,BELL,LYMN,H8,BELL_078,,,,,
5/4/2022,5/6/2022,BELL,LYMN,H9,BELL_079,,,,,
5/4/2022,5/6/2022,BELL,LYMN,H10,BELL_080,,,,,
5/4/2022,5/6/2022,BELL,LYMN,I1,BELL_081,,,,,
5/4/2022,5/6/2022,BELL,LYMN,I2,BELL_082,,,,,
5/4/2022,5/6/2022,BELL,LYMN,I3,BELL_083,,,,,
5/4/2022,5/6/2022,BELL,LYMN,I4,BELL_084,,,,,
5/4/2022,5/6/2022,BELL,LYMN,I5,BELL_085,,,,,
5/4/2022,5/6/2022,BELL,LYMN,I6,BELL_086,,,,,
5/4/2022,5/6/2022,BELL,LYMN,I7,BELL_087,,,,,
5/4/2022,5/6/2022,BELL,LYMN,I8,BELL_088,,,,,
5/4/2022,5/6/2022,BELL,LYMN,I9,BELL_089,,,,,
5/4/2022,5/6/2022,BELL,LYMN,I10,BELL_090,,,,,
5/4/2022,5/6/2022,BELL,LYMN,J1,BELL_091,,,,,
5/4/2022,5/6/2022,BELL,LYMN,J2,BELL_092,,,,,
5/4/2022,5/6/2022,BELL,LYMN,J3,BELL_093,,,,,
5/4/2022,5/6/2022,BELL,LYMN,J4,BELL_094,Y,HAEM,,Y,
5/4/2022,5/6/2022,BELL,LYMN,J5,BELL_095,,,,,
5/4/2022,5/6/2022,BELL,LYMN,J6,BELL_096,,,,,
5/4/2022,5/6/2022,BELL,LYMN,J7,BELL_097,,,,,
5/4/2022,5/6/2022,BELL,LYMN,J8,BELL_098,,,,,
5/4/2022,5/6/2022,BELL,LYMN,J9,BELL_099,,,,,
5/4/2022,5/6/2022,BELL,LYMN,J10,BELL_100,,,,,
5/4/2022,5/6/2022,BELL,LYMN,A1,BELL_101,,,,,
5/4/2022,5/6/2022,BELL,LYMN,A2,BELL_102,,,,,
5/4/2022,5/6/2022,BELL,LYMN,A3,BELL_103,,,,,
5/4/2022,5/6/2022,BELL,LYMN,A4,BELL_104,Y,HAEM,,,
5/4/2022,5/6/2022,BELL,LYMN,A5,BELL_105,,,,,
5/4/2022,5/6/2022,BELL,LYMN,A6,BELL_106,,,,,
5/4/2022,5/6/2022,BELL,LYMN,A7,BELL_107,,,,,
5/4/2022,5/6/2022,BELL,LYMN,A8,BELL_108,,,,,
5/4/2022,5/6/2022,BELL,LYMN,A9,BELL_109,Y,HAEM,,,
5/4/2022,5/6/2022,BELL,LYMN,A10,BELL_110,Y,HAEM,,,
5/4/2022,5/6/2022,BELL,LYMN,B1,BELL_111,,,,,
5/4/2022,5/6/2022,BELL,LYMN,B2,BELL_112,,,,,
5/4/2022,5/6/2022,BELL,LYMN,B3,BELL_113,,,,,
5/4/2022,5/6/2022,BELL,LYMN,B4,BELL_114,,,,,
5/4/2022,5/6/2022,BELL,LYMN,B5,BELL_115,,,,,
5/4/2022,5/6/2022,BELL,LYMN,B6,BELL_116,,,,,
5/4/2022,5/6/2022,BELL,LYMN,B7,BELL_117,,,,,
5/4/2022,5/6/2022,BELL,LYMN,B8,BELL_118,,,,,
5/4/2022,5/6/2022,BELL,LYMN,B9,BELL_119,,,,,
5/4/2022,5/6/2022,BELL,LYMN,B10,BELL_120,,,,,
5/4/2022,5/6/2022,BELL,LYMN,C1,BELL_121,,,,,
5/4/2022,5/6/2022,BELL,LYMN,C2,BELL_122,,,,,
5/4/2022,5/6/2022,BELL,LYMN,C3,BELL_123,,,,,
5/4/2022,5/6/2022,BELL,LYMN,C4,BELL_124,,,,,
5/4/2022,5/6/2022,BELL,LYMN,C5,BELL_125,,,,,
5/4/2022,5/6/2022,BELL,LYMN,C6,BELL_126,,,,,
5/4/2022,5/6/2022,BELL,LYMN,C7,BELL_127,,,,,
5/4/2022,5/6/2022,BELL,LYMN,C8,BELL_128,,,,,
5/4/2022,5/6/2022,BELL,LYMN,C9,BELL_129,Y,ECHINO,,N,
5/4/2022,5/6/2022,BELL,LYMN,C10,BELL_130,,,,,
5/4/2022,5/6/2022,BELL,LYMN,D1,BELL_131,Y,HAEM,,Y,DEAD-NO MOVEMENT
5/4/2022,5/6/2022,BELL,LYMN,D2,BELL_132,,,,,
5/4/2022,5/6/2022,BELL,LYMN,D3,BELL_133,,,,,
5/4/2022,5/6/2022,BELL,LYMN,D4,BELL_134,,,,,
5/4/2022,5/6/2022,BELL,LYMN,D5,BELL_135,,,,,
5/4/2022,5/6/2022,BELL,LYMN,D6,BELL_136,,,,,
5/4/2022,5/6/2022,BELL,LYMN,D7,BELL_137,Y,ECHINO,,N,
5/4/2022,5/6/2022,BELL,LYMN,D8,BELL_138,Y,ECHINO,,N,
5/4/2022,5/6/2022,BELL,LYMN,D9,BELL_139,Y,ECHINO,,N,
5/4/2022,5/6/2022,BELL,LYMN,D10,BELL_140,Y,ECHINO,,N,
5/4/2022,5/6/2022,BELL,LYMN,E1,BELL_141,,,,,
5/4/2022,5/6/2022,BELL,LYMN,E2,BELL_142,,,,,
5/4/2022,5/6/2022,BELL,LYMN,E3,BELL_143,,,,,
5/4/2022,5/6/2022,BELL,LYMN,E4,BELL_144,,,,,
5/4/2022,5/6/2022,BELL,LYMN,E5,BELL_145,,,,,
5/4/2022,5/6/2022,BELL,LYMN,E6,BELL_146,,,,,
5/4/2022,5/6/2022,BELL,LYMN,E7,BELL_147,,,,,
5/4/2022,5/6/2022,BELL,LYMN,E8,BELL_148,,,,,
5/4/2022,5/6/2022,BELL,LYMN,E9,BELL_149,,,,,
5/4/2022,5/6/2022,BELL,LYMN,E10,BELL_150,,,,,
5/4/2022,5/6/2022,BELL,LYMN,F1,BELL_151,,,,,
5/4/2022,5/6/2022,BELL,LYMN,F2,BELL_152,,,,,
5/4/2022,5/6/2022,BELL,LYMN,F3,BELL_153,,,,,
5/4/2022,5/6/2022,BELL,LYMN,F4,BELL_154,,,,,
5/4/2022,5/6/2022,BELL,LYMN,F5,BELL_155,Y,ECHINO,,N,
5/4/2022,5/6/2022,BELL,LYMN,F6,BELL_156,,,,,
5/4/2022,5/6/2022,BELL,LYMN,F7,BELL_157,,,,,
5/4/2022,5/6/2022,BELL,LYMN,F8,BELL_158,,,,,
5/4/2022,5/6/2022,BELL,LYMN,F9,BELL_159,,,,,
5/4/2022,5/6/2022,BELL,LYMN,F10,BELL_160,,,,,
5/4/2022,5/6/2022,BELL,LYMN,G1,BELL_161,,,,,
5/4/2022,5/6/2022,BELL,LYMN,G2,BELL_162,,,,,
5/4/2022,5/6/2022,BELL,LYMN,G3,BELL_163,Y,ECHINO,,N,
5/4/2022,5/6/2022,BELL,LYMN,G4,BELL_164,Y,ECHINO,,N,
5/4/2022,5/6/2022,BELL,LYMN,G5,BELL_165,,,,,
5/4/2022,5/6/2022,BELL,LYMN,G6,BELL_166,,,,,
5/4/2022,5/6/2022,BELL,LYMN,G7,BELL_167,,,,,
5/4/2022,5/6/2022,BELL,LYMN,G8,BELL_168,,,,,
5/4/2022,5/6/2022,BELL,LYMN,G9,BELL_169,,,,,
5/4/2022,5/6/2022,BELL,LYMN,G10,BELL_170,,,,,
5/4/2022,5/6/2022,BELL,LYMN,H1,BELL_171,,,,,
5/4/2022,5/6/2022,BELL,LYMN,H2,BELL_172,,,,,
5/4/2022,5/6/2022,BELL,LYMN,H3,BELL_173,,,,,
5/4/2022,5/6/2022,BELL,LYMN,H4,BELL_174,,,,,
5/4/2022,5/6/2022,BELL,LYMN,H5,BELL_175,,,,,
5/4/2022,5/6/2022,BELL,LYMN,H6,BELL_176,,,,,
5/4/2022,5/6/2022,BELL,LYMN,H7,BELL_177,,,,,
5/4/2022,5/6/2022,BELL,LYMN,H8,BELL_178,,,,,
5/4/2022,5/6/2022,BELL,LYMN,H9,BELL_179,,,,,
5/4/2022,5/6/2022,BELL,LYMN,H10,BELL_180,,,,,
5/4/2022,5/6/2022,BELL,LYMN,I1,BELL_181,,,,,
5/4/2022,5/6/2022,BELL,LYMN,I2,BELL_182,,,,,
5/4/2022,5/6/2022,BELL,LYMN,I3,BELL_183,,,,,
5/4/2022,5/6/2022,BELL,LYMN,I4,BELL_184,,,,,
5/4/2022,5/6/2022,BELL,LYMN,I5,BELL_185,,,,,
5/4/2022,5/6/2022,BELL,LYMN,I6,BELL_186,,,,,
5/4/2022,5/6/2022,BELL,LYMN,I7,BELL_187,,,,,
5/4/2022,5/6/2022,BELL,LYMN,I8,BELL_188,,,,,
5/4/2022,5/6/2022,BELL,LYMN,I9,BELL_189,,,,,
5/4/2022,5/6/2022,BELL,LYMN,I10,BELL_190,,,,,
5/4/2022,5/6/2022,BELL,LYMN,J1,BELL_191,,,,,
5/4/2022,5/6/2022,BELL,LYMN,J2,BELL_192,,,,,
5/4/2022,5/6/2022,BELL,LYMN,J3,BELL_193,,,,,
5/4/2022,5/6/2022,BELL,LYMN,J4,BELL_194,,,,,
5/4/2022,5/6/2022,BELL,LYMN,J5,BELL_195,,,,,
5/4/2022,5/6/2022,BELL,LYMN,J6,BELL_196,,,,,
5/4/2022,5/6/2022,BELL,LYMN,J7,BELL_197,Y,ECHINO,,N,
5/4/2022,5/6/2022,BELL,LYMN,J8,BELL_198,,,,,
5/4/2022,5/6/2022,BELL,LYMN,J9,BELL_199,,,,,
5/4/2022,5/6/2022,BELL,LYMN,J10,BELL_200,,,,,
5/4/2022,5/6/2022,BELL,LYMN,A1,BELL_201,,,,,
5/4/2022,5/6/2022,BELL,LYMN,A2,BELL_202,,,,,
5/4/2022,5/6/2022,BELL,LYMN,A3,BELL_203,,,,,
5/4/2022,5/6/2022,BELL,LYMN,A4,BELL_204,,,,,
5/4/2022,5/6/2022,BELL,LYMN,A5,BELL_205,,,,,
5/4/2022,5/6/2022,BELL,LYMN,A6,BELL_206,,,,,
5/4/2022,5/6/2022,BELL,LYMN,A7,BELL_207,,,,,
5/4/2022,5/6/2022,BELL,LYMN,A8,BELL_208,,,,,
5/4/2022,5/6/2022,BELL,LYMN,A9,BELL_209,,,,,
5/4/2022,5/6/2022,BELL,LYMN,A10,BELL_210,,,,,
5/4/2022,5/6/2022,BELL,LYMN,B1,BELL_211,,,,,
5/4/2022,5/6/2022,BELL,LYMN,B2,BELL_212,,,,,
5/4/2022,5/6/2022,BELL,LYMN,B3,BELL_213,,,,,
5/4/2022,5/6/2022,BELL,LYMN,B4,BELL_214,,,,,
5/4/2022,5/6/2022,BELL,LYMN,B5,BELL_215,,,,,
5/4/2022,5/6/2022,BELL,LYMN,B6,BELL_216,,,,,
5/4/2022,5/6/2022,BELL,LYMN,B7,BELL_217,,,,,
5/4/2022,5/6/2022,BELL,LYMN,B8,BELL_218,,,,,
5/4/2022,5/6/2022,BELL,LYMN,B9,BELL_219,,,,,
5/4/2022,5/6/2022,BELL,LYMN,B10,BELL_220,,,,,
5/3/2022,5/7/2022,LOWE,LYMN,A1,LOWE_001,,,,,
5/3/2022,5/7/2022,LOWE,LYMN,A2,LOWE_002,Y,HAEM,,Y,
5/3/2022,5/7/2022,LOWE,LYMN,A3,LOWE_003,,,,,
5/3/2022,5/7/2022,LOWE,LYMN,A4,LOWE_004,Y,UNKNOWN,,Y,DEAD SNAIL
5/3/2022,5/7/2022,LOWE,LYMN,A5,LOWE_005,Y,HAEM,,Y,
5/3/2022,5/7/2022,LOWE,LYMN,A6,LOWE_006,,,,,
5/3/2022,5/7/2022,LOWE,LYMN,A7,LOWE_007,Y,BREVI,,Y,
5/3/2022,5/7/2022,LOWE,LYMN,A8,LOWE_008,Y,HAEM,,Y,
5/3/2022,5/7/2022,LOWE,LYMN,A9,LOWE_009,Y,HAEM,,Y,
5/3/2022,5/7/2022,LOWE,LYMN,A10,LOWE_010,,,,,
5/3/2022,5/7/2022,LOWE,LYMN,B1,LOWE_011,,,,,
5/3/2022,5/7/2022,LOWE,LYMN,B2,LOWE_012,Y,HAEM,,Y,
5/3/2022,5/7/2022,LOWE,LYMN,B3,LOWE_013,Y,HAEM,,Y,
5/3/2022,5/7/2022,LOWE,LYMN,B4,LOWE_014,Y,HAEM,,Y,
5/3/2022,5/7/2022,LOWE,LYMN,B5,LOWE_015,,,,,
5/3/2022,5/7/2022,LOWE,LYMN,B6,LOWE_016,Y,HAEM,,Y,
5/3/2022,5/7/2022,LOWE,LYMN,B7,LOWE_017,,,,,
5/3/2022,5/7/2022,LOWE,LYMN,B8,LOWE_018,,,,,
5/3/2022,5/7/2022,LOWE,LYMN,B9,LOWE_019,,,,,
5/3/2022,5/7/2022,LOWE,LYMN,B10,LOWE_020,,,,,
5/3/2022,5/7/2022,LOWE,LYMN,C1,LOWE_021,Y,HAEM,,Y,
5/3/2022,5/7/2022,LOWE,LYMN,C2,LOWE_022,Y,ECHINO,,Y,
5/3/2022,5/7/2022,LOWE,LYMN,C3,LOWE_023,Y,HAEM,,Y,
5/3/2022,5/7/2022,LOWE,LYMN,C4,LOWE_024,,,,,
5/3/2022,5/7/2022,LOWE,LYMN,C5,LOWE_025,Y,HAEM,,Y,
5/3/2022,5/7/2022,LOWE,LYMN,C6,LOWE_026,Y,HAEM,,Y,
5/3/2022,5/7/2022,LOWE,LYMN,C7,LOWE_027,,,,,
5/3/2022,5/7/2022,LOWE,LYMN,C8,LOWE_028,Y,HAEM,,Y,
5/3/2022,5/7/2022,LOWE,LYMN,C9,LOWE_029,,,,,
5/3/2022,5/7/2022,LOWE,LYMN,C10,LOWE_030,Y,HAEM/ECHINO,,Y,DOUBLE INFECTION
5/3/2022,5/7/2022,LOWE,LYMN,D1,LOWE_031,Y,HAEM,,Y,
5/3/2022,5/7/2022,LOWE,LYMN,D2,LOWE_032,Y,HAEM,,Y,
5/3/2022,5/7/2022,LOWE,LYMN,D3,LOWE_033,,,,,
5/3/2022,5/7/2022,LOWE,LYMN,D4,LOWE_034,Y,HAEM,,Y,
5/3/2022,5/7/2022,LOWE,LYMN,D5,LOWE_035,,,,,
5/3/2022,5/7/2022,LOWE,LYMN,D6,LOWE_036,,,,,
5/3/2022,5/7/2022,LOWE,LYMN,D7,LOWE_037,Y,HAEM,,Y,
5/3/2022,5/7/2022,LOWE,LYMN,D8,LOWE_038,,,,,
5/3/2022,5/7/2022,LOWE,LYMN,D9,LOWE_039,,,,,
5/3/2022,5/7/2022,LOWE,LYMN,D10,LOWE_040,,,,,
5/3/2022,5/7/2022,LOWE,LYMN,E1,LOWE_041,,,,,
5/3/2022,5/7/2022,LOWE,LYMN,E2,LOWE_042,,,,,
5/3/2022,5/7/2022,LOWE,LYMN,E3,LOWE_043,,,,,
5/3/2022,5/7/2022,LOWE,LYMN,E4,LOWE_044,,,,,
5/3/2022,5/7/2022,LOWE,LYMN,E5,LOWE_045,,,,,
5/3/2022,5/7/2022,LOWE,LYMN,E6,LOWE_046,,,,,
5/3/2022,5/7/2022,LOWE,LYMN,E7,LOWE_047,,,,,
5/3/2022,5/7/2022,LOWE,LYMN,E8,LOWE_048,,,,,
5/3/2022,5/7/2022,LOWE,LYMN,E9,LOWE_049,Y,HAEM,,Y,
5/3/2022,5/7/2022,LOWE,LYMN,E10,LOWE_050,Y,HAEM,,Y,
5/3/2022,5/7/2022,LOWE,LYMN,F1,LOWE_051,Y,HAEM,,Y,
5/3/2022,5/7/2022,LOWE,LYMN,F2,LOWE_052,,,,,
5/3/2022,5/7/2022,LOWE,LYMN,F3,LOWE_053,,,,,
5/3/2022,5/7/2022,LOWE,LYMN,F4,LOWE_054,Y,HAEM,,Y,
5/3/2022,5/7/2022,LOWE,LYMN,F5,LOWE_055,,,,,
5/3/2022,5/7/2022,LOWE,LYMN,F6,LOWE_056,Y,HAEM,,Y,
5/3/2022,5/7/2022,LOWE,LYMN,F7,LOWE_057,,,,,
5/3/2022,5/7/2022,LOWE,LYMN,F8,LOWE_058,Y,HAEM,,Y,
5/3/2022,5/7/2022,LOWE,LYMN,F9,LOWE_059,,,,,
5/3/2022,5/7/2022,LOWE,LYMN,F10,LOWE_060,,,,,
5/3/2022,5/7/2022,LOWE,LYMN,G1,LOWE_061,Y,HAEM,,Y,
5/3/2022,5/7/2022,LOWE,LYMN,G2,LOWE_062,,,,,
5/3/2022,5/7/2022,LOWE,LYMN,G3,LOWE_063,,,,,
5/3/2022,5/7/2022,LOWE,LYMN,G4,LOWE_064,Y,HAEM,,Y,
5/3/2022,5/7/2022,LOWE,LYMN,G5,LOWE_065,Y,HAEM,,Y,
5/3/2022,5/7/2022,LOWE,LYMN,G6,LOWE_066,Y,HAEM,,Y,
5/3/2022,5/7/2022,LOWE,LYMN,G7,LOWE_067,Y,BREVI,,N,
5/3/2022,5/7/2022,LOWE,LYMN,G8,LOWE_068,Y,HAEM,,Y,
5/3/2022,5/7/2022,LOWE,LYMN,G9,LOWE_069,Y,HAEM,,Y,
5/3/2022,5/7/2022,LOWE,LYMN,G10,LOWE_070,Y,HAEM,,Y,
5/3/2022,5/7/2022,LOWE,LYMN,H1,LOWE_071,,,,,
5/3/2022,5/7/2022,LOWE,LYMN,H2,LOWE_072,Y,HAEM,,Y,
5/3/2022,5/7/2022,LOWE,LYMN,H3,LOWE_073,,,,,
5/3/2022,5/7/2022,LOWE,LYMN,H4,LOWE_074,Y,HAEM,,Y,
5/3/2022,5/7/2022,LOWE,LYMN,H5,LOWE_075,Y,HAEM,,Y,
5/3/2022,5/7/2022,LOWE,LYMN,H6,LOWE_076,,,,,
5/3/2022,5/7/2022,LOWE,LYMN,H7,LOWE_077,,,,,
5/3/2022,5/7/2022,LOWE,LYMN,H8,LOWE_078,,,,,
5/3/2022,5/7/2022,LOWE,LYMN,H9,LOWE_079,,,,,
5/3/2022,5/7/2022,LOWE,LYMN,H10,LOWE_080,,,,,
5/3/2022,5/7/2022,LOWE,LYMN,I1,LOWE_081,,,,,
5/3/2022,5/7/2022,LOWE,LYMN,I2,LOWE_082,,,,,
5/3/2022,5/7/2022,LOWE,LYMN,I3,LOWE_083,,,,,
5/3/2022,5/7/2022,LOWE,LYMN,I4,LOWE_084,,,,,
5/3/2022,5/7/2022,LOWE,LYMN,I5,LOWE_085,,,,,
5/3/2022,5/7/2022,LOWE,LYMN,I6,LOWE_086,,,,,
5/3/2022,5/7/2022,LOWE,LYMN,I7,LOWE_087,,,,,
5/3/2022,5/7/2022,LOWE,LYMN,I8,LOWE_088,,,,,
5/3/2022,5/7/2022,LOWE,LYMN,I9,LOWE_089,,,,,
5/3/2022,5/7/2022,LOWE,LYMN,I10,LOWE_090,,,,,
5/3/2022,5/7/2022,LOWE,LYMN,J1,LOWE_091,Y,IMMATURE,,Y,
5/3/2022,5/7/2022,LOWE,LYMN,J2,LOWE_092,Y,IMMATURE,,Y,
5/3/2022,5/7/2022,LOWE,LYMN,J3,LOWE_093,,,,,
5/3/2022,5/7/2022,LOWE,LYMN,J4,LOWE_094,Y,HAEM,,Y,
5/3/2022,5/7/2022,LOWE,LYMN,J5,LOWE_095,,,,,
5/3/2022,5/7/2022,LOWE,LYMN,J6,LOWE_096,,,,,
5/3/2022,5/7/2022,LOWE,LYMN,J7,LOWE_097,Y,HAEM,,Y,
5/3/2022,5/7/2022,LOWE,LYMN,J8,LOWE_098,,,,,
5/3/2022,5/7/2022,LOWE,LYMN,J9,LOWE_099,Y,HAEM,,Y,
5/3/2022,5/7/2022,LOWE,LYMN,J10,LOWE_100,Y,HAEM,,Y,
5/3/2022,5/7/2022,LOWE,LYMN,A1,LOWE_101,Y,UKNOWN,,Y,DEAD SNAIL
5/3/2022,5/7/2022,LOWE,LYMN,A2,LOWE_102,Y,HAEM,,Y,
5/3/2022,5/7/2022,LOWE,LYMN,A3,LOWE_103,Y,HAEM,,Y,
5/3/2022,5/7/2022,LOWE,LYMN,A4,LOWE_104,Y,HAEM,,Y,
5/3/2022,5/7/2022,LOWE,LYMN,A5,LOWE_105,Y,UKNOWN,,Y,DEAD SNAIL
5/3/2022,5/7/2022,LOWE,LYMN,A6,LOWE_106,Y,UKNOWN,,Y,DEAD SNAIL
5/3/2022,5/7/2022,LOWE,LYMN,A7,LOWE_107,Y,UKNOWN,,Y,DEAD SNAIL
5/3/2022,5/7/2022,LOWE,LYMN,A8,LOWE_108,Y,HAEM,,Y,
5/3/2022,5/7/2022,LOWE,LYMN,A9,LOWE_109,,,,,
5/3/2022,5/7/2022,LOWE,LYMN,A10,LOWE_110,Y,HAEM,,Y,
5/3/2022,5/7/2022,LOWE,LYMN,B1,LOWE_111,,,,,
5/3/2022,5/7/2022,LOWE,LYMN,B2,LOWE_112,,,,,
5/3/2022,5/7/2022,LOWE,LYMN,B3,LOWE_113,Y,HAEM,,Y,
5/3/2022,5/7/2022,LOWE,LYMN,B4,LOWE_114,Y,HAEM,,Y,
5/3/2022,5/7/2022,LOWE,LYMN,B5,LOWE_115,,,,,
5/3/2022,5/7/2022,LOWE,LYMN,B6,LOWE_116,,,,,
5/3/2022,5/7/2022,LOWE,LYMN,B7,LOWE_117,,,,,
5/3/2022,5/7/2022,LOWE,LYMN,B8,LOWE_118,,,,,
5/3/2022,5/7/2022,LOWE,LYMN,B9,LOWE_119,,,,,
5/3/2022,5/7/2022,LOWE,LYMN,B10,LOWE_120,,,,,
5/3/2022,5/7/2022,LOWE,LYMN,C1,LOWE_121,Y,HAEM,,Y,
5/3/2022,5/7/2022,LOWE,LYMN,C2,LOWE_122,,,,,
5/3/2022,5/7/2022,LOWE,LYMN,C3,LOWE_123,Y,HAEM,,Y,
5/3/2022,5/7/2022,LOWE,LYMN,C4,LOWE_124,,,,,
5/3/2022,5/7/2022,LOWE,LYMN,C5,LOWE_125,,,,,
5/3/2022,5/7/2022,LOWE,LYMN,C6,LOWE_126,Y,HAEM/ECHINO,,Y,DOUBLE INFECTION
5/3/2022,5/7/2022,LOWE,LYMN,C7,LOWE_127,Y,HAEM,,Y,
5/3/2022,5/7/2022,LOWE,LYMN,C8,LOWE_128,,,,,
5/3/2022,5/7/2022,LOWE,LYMN,C9,LOWE_129,Y,HAEM,,Y,
5/3/2022,5/7/2022,LOWE,LYMN,C10,LOWE_130,,,,,
5/3/2022,5/7/2022,LOWE,LYMN,D1,LOWE_131,Y,HAEM,,Y,
5/3/2022,5/7/2022,LOWE,LYMN,D2,LOWE_132,,,,,
5/3/2022,5/7/2022,LOWE,LYMN,D3,LOWE_133,,,,,
5/3/2022,5/7/2022,LOWE,LYMN,D4,LOWE_134,,,,,
5/3/2022,5/7/2022,LOWE,LYMN,D5,LOWE_135,Y,HAEM,,Y,
5/3/2022,5/7/2022,LOWE,LYMN,D6,LOWE_136,,,,,
5/3/2022,5/7/2022,LOWE,LYMN,D7,LOWE_137,,,,,
5/3/2022,5/7/2022,LOWE,LYMN,D8,LOWE_138,,,,,
5/3/2022,5/7/2022,LOWE,LYMN,D9,LOWE_139,,,,,
5/3/2022,5/7/2022,LOWE,LYMN,D10,LOWE_140,,,,,
5/3/2022,5/7/2022,LOWE,LYMN,E1,LOWE_141,,,,,
5/3/2022,5/7/2022,LOWE,LYMN,E2,LOWE_142,,,,,
5/3/2022,5/7/2022,LOWE,LYMN,E3,LOWE_143,Y,HAEM,,Y,
5/3/2022,5/7/2022,LOWE,LYMN,E4,LOWE_144,,,,,
5/3/2022,5/7/2022,LOWE,LYMN,E5,LOWE_145,,,,,
5/3/2022,5/7/2022,LOWE,LYMN,E6,LOWE_146,,,,,
5/3/2022,5/7/2022,LOWE,LYMN,E7,LOWE_147,,,,,
5/3/2022,5/7/2022,LOWE,LYMN,E8,LOWE_148,,,,,
5/3/2022,5/7/2022,LOWE,LYMN,E9,LOWE_149,Y,HAEM,,Y,
5/3/2022,5/7/2022,LOWE,LYMN,E10,LOWE_150,Y,HAEM,,Y,
5/4/2022,5/7/2022,BKFD,PHYSA,A1,BKFD_001,,,,,
5/4/2022,5/7/2022,BKFD,PHYSA,A2,BKFD_002,,,,,
5/4/2022,5/7/2022,BKFD,PHYSA,A3,BKFD_003,,,,,
5/4/2022,5/7/2022,BKFD,PHYSA,A4,BKFD_004,,,,,
5/4/2022,5/7/2022,BKFD,PHYSA,A5,BKFD_005,,,,,
5/4/2022,5/7/2022,BKFD,PHYSA,A6,BKFD_006,,,,,
5/4/2022,5/7/2022,BKFD,PHYSA,A7,BKFD_007,,,,,
5/4/2022,5/7/2022,BKFD,PHYSA,A8,BKFD_008,Y,HALI,,Y,
5/4/2022,5/7/2022,BKFD,PHYSA,A9,BKFD_009,,,,,
5/4/2022,5/7/2022,BKFD,PHYSA,A10,BKFD_010,,,,,
5/4/2022,5/7/2022,BKFD,PHYSA,B1,BKFD_011,,,,,
5/4/2022,5/7/2022,BKFD,PHYSA,B2,BKFD_012,,,,,
5/4/2022,5/7/2022,BKFD,PHYSA,B3,BKFD_013,,,,,
5/4/2022,5/7/2022,BKFD,PHYSA,B4,BKFD_014,,,,,
5/4/2022,5/7/2022,BKFD,PHYSA,B5,BKFD_015,,,,,
5/4/2022,5/7/2022,BKFD,PHYSA,B6,BKFD_016,,,,,
5/4/2022,5/7/2022,BKFD,PHYSA,B7,BKFD_017,,,,,
5/4/2022,5/7/2022,BKFD,PHYSA,B8,BKFD_018,,,,,
5/4/2022,5/7/2022,BKFD,PHYSA,B9,BKFD_019,,,,,
5/4/2022,5/7/2022,BKFD,PHYSA,B10,BKFD_020,,,,,
5/4/2022,5/7/2022,BKFD,PHYSA,C1,BKFD_021,,,,,
5/4/2022,5/7/2022,BKFD,PHYSA,C2,BKFD_022,,,,,
5/4/2022,5/7/2022,BKFD,PHYSA,C3,BKFD_023,,,,,
5/4/2022,5/7/2022,BKFD,PHYSA,C4,BKFD_024,,,,,
5/4/2022,5/7/2022,BKFD,PHYSA,C5,BKFD_025,,,,,
5/4/2022,5/7/2022,BKFD,PHYSA,C6,BKFD_026,,,,,
5/4/2022,5/7/2022,BKFD,PHYSA,C7,BKFD_027,,,,,
5/4/2022,5/7/2022,BKFD,PHYSA,C8,BKFD_028,,,,,
5/4/2022,5/7/2022,BKFD,PHYSA,C9,BKFD_029,,,,,
5/4/2022,5/7/2022,BKFD,PHYSA,C10,BKFD_030,,,,,
5/4/2022,5/7/2022,BKFD,PHYSA,D1,BKFD_031,Y,UNKNOWN,Y,"NO STYLET, MAYBE FINFOLD ",
5/4/2022,5/7/2022,BKFD,PHYSA,D2,BKFD_032,,,,,
5/4/2022,5/7/2022,BKFD,PHYSA,D3,BKFD_033,,,,,
5/4/2022,5/7/2022,BKFD,PHYSA,D4,BKFD_034,,,,,
5/4/2022,5/7/2022,BKFD,PHYSA,D5,BKFD_035,,,,,
5/4/2022,5/7/2022,BKFD,PHYSA,D6,BKFD_036,,,,,
5/4/2022,5/7/2022,BKFD,PHYSA,D7,BKFD_037,,,,,
5/4/2022,5/7/2022,BKFD,PHYSA,D8,BKFD_038,,,,,
5/4/2022,5/7/2022,BKFD,PHYSA,D9,BKFD_039,,,,,
5/4/2022,5/7/2022,BKFD,PHYSA,D10,BKFD_040,,,,,
5/4/2022,5/7/2022,BKFD,PHYSA,E1,BKFD_041,,,,,
5/4/2022,5/7/2022,BKFD,PHYSA,E2,BKFD_042,,,,,
5/4/2022,5/7/2022,BKFD,PHYSA,E3,BKFD_043,,,,,
5/4/2022,5/7/2022,BKFD,PHYSA,E4,BKFD_044,,,,,
5/4/2022,5/7/2022,BKFD,PHYSA,E5,BKFD_045,,,,,
5/4/2022,5/7/2022,BKFD,PHYSA,E6,BKFD_046,,,,,
5/4/2022,5/7/2022,BKFD,PHYSA,E7,BKFD_047,,,,,
5/4/2022,5/7/2022,BKFD,PHYSA,E8,BKFD_048,,,,,
5/4/2022,5/7/2022,BKFD,PHYSA,E9,BKFD_049,,,,,
5/4/2022,5/7/2022,BKFD,PHYSA,E10,BKFD_050,,,,,
5/4/2022,5/7/2022,BKFD,PHYSA,F1,BKFD_051,,,,,
5/4/2022,5/7/2022,BKFD,PHYSA,F2,BKFD_052,,,,,
5/4/2022,5/7/2022,BKFD,PHYSA,F3,BKFD_053,,,,,
5/4/2022,5/7/2022,BKFD,PHYSA,F4,BKFD_054,,,,,
5/4/2022,5/7/2022,BKFD,PHYSA,F5,BKFD_055,,,,,
5/4/2022,5/7/2022,BKFD,PHYSA,F6,BKFD_056,,,,,
5/4/2022,5/7/2022,BKFD,PHYSA,F7,BKFD_057,,,,,
5/4/2022,5/7/2022,BKFD,PHYSA,F8,BKFD_058,,,,,
5/4/2022,5/7/2022,BKFD,PHYSA,F9,BKFD_059,,,,,
5/4/2022,5/7/2022,BKFD,PHYSA,F10,BKFD_060,,,,,
5/4/2022,5/7/2022,BKFD,PHYSA,G1,BKFD_061,,,,,
5/4/2022,5/7/2022,BKFD,PHYSA,G2,BKFD_062,,,,,
5/4/2022,5/7/2022,BKFD,PHYSA,G3,BKFD_063,,,,,
5/4/2022,5/7/2022,BKFD,PHYSA,G4,BKFD_064,,,,,
5/4/2022,5/7/2022,BKFD,PHYSA,G5,BKFD_065,,,,,
5/4/2022,5/7/2022,BKFD,PHYSA,G6,BKFD_066,,,,,
5/4/2022,5/7/2022,BKFD,PHYSA,G7,BKFD_067,,,,,
5/4/2022,5/7/2022,BKFD,PHYSA,G8,BKFD_068,,,,,
5/4/2022,5/7/2022,BKFD,PHYSA,G9,BKFD_069,,,,,
5/4/2022,5/7/2022,BKFD,PHYSA,G10,BKFD_070,,,,,
5/4/2022,5/7/2022,BKFD,PHYSA,H1,BKFD_071,,,,,
5/4/2022,5/7/2022,BKFD,PHYSA,H2,BKFD_072,,,,,
5/4/2022,5/7/2022,BKFD,PHYSA,H3,BKFD_073,,,,,
5/4/2022,5/7/2022,BKFD,PHYSA,H4,BKFD_074,,,,,
5/4/2022,5/7/2022,BKFD,PHYSA,H5,BKFD_075,,,,,
5/4/2022,5/7/2022,BKFD,PHYSA,H6,BKFD_076,,,,,
5/4/2022,5/7/2022,BKFD,PHYSA,H7,BKFD_077,,,,,
5/4/2022,5/7/2022,BKFD,PHYSA,H8,BKFD_078,,,,,
5/4/2022,5/7/2022,BKFD,PHYSA,H9,BKFD_079,,,,,
5/4/2022,5/7/2022,BKFD,PHYSA,H10,BKFD_080,,,,,
5/4/2022,5/8/2022,BKFD,PHYSA,I1,BKFD_081,,,,,
5/4/2022,5/8/2022,BKFD,PHYSA,I2,BKFD_082,,,,,
5/4/2022,5/8/2022,BKFD,PHYSA,I3,BKFD_083,,,,,
5/4/2022,5/8/2022,BKFD,PHYSA,I4,BKFD_084,,,,,
5/4/2022,5/8/2022,BKFD,PHYSA,I5,BKFD_085,,,,,
5/4/2022,5/8/2022,BKFD,PHYSA,I6,BKFD_086,,,,,
5/4/2022,5/8/2022,BKFD,PHYSA,I7,BKFD_087,,,,,
5/4/2022,5/8/2022,BKFD,PHYSA,I8,BKFD_088,,,,,
5/4/2022,5/8/2022,BKFD,PHYSA,I9,BKFD_089,,,,,
5/4/2022,5/8/2022,BKFD,PHYSA,I10,BKFD_090,,,,,
5/4/2022,5/8/2022,BKFD,PHYSA,J1,BKFD_091,,,,,
5/4/2022,5/8/2022,BKFD,PHYSA,J2,BKFD_092,,,,,
5/4/2022,5/8/2022,BKFD,PHYSA,J3,BKFD_093,,,,,
5/4/2022,5/8/2022,BKFD,PHYSA,J4,BKFD_094,,,,,
5/4/2022,5/8/2022,BKFD,PHYSA,J5,BKFD_095,,,,,
5/4/2022,5/8/2022,BKFD,PHYSA,J6,BKFD_096,,,,,
5/4/2022,5/8/2022,BKFD,PHYSA,J7,BKFD_097,,,,,
5/4/2022,5/8/2022,BKFD,PHYSA,J8,BKFD_098,,,,,
5/4/2022,5/8/2022,BKFD,PHYSA,J9,BKFD_099,,,,,
5/4/2022,5/8/2022,BKFD,PHYSA,J10,BKFD_100,,,,,
5/4/2022,5/8/2022,BKFD,PHYSA,A1,BKFD_101,,,,,
5/4/2022,5/8/2022,BKFD,PHYSA,A2,BKFD_102,,,,,
5/4/2022,5/8/2022,BKFD,PHYSA,A3,BKFD_103,,,,,
5/4/2022,5/8/2022,BKFD,PHYSA,A4,BKFD_104,,,,,
5/4/2022,5/8/2022,BKFD,PHYSA,A5,BKFD_105,,,,,
5/4/2022,5/8/2022,BKFD,PHYSA,A6,BKFD_106,,,,,
5/4/2022,5/8/2022,BKFD,PHYSA,A7,BKFD_107,,,,,
5/4/2022,5/8/2022,BKFD,PHYSA,A8,BKFD_108,,,,,
5/4/2022,5/8/2022,BKFD,PHYSA,A9,BKFD_109,,,,,
5/4/2022,5/8/2022,BKFD,PHYSA,A10,BKFD_110,,,,,
5/4/2022,5/8/2022,BKFD,PHYSA,B1,BKFD_111,,,,,
5/4/2022,5/8/2022,BKFD,PHYSA,B2,BKFD_112,,,,,
5/4/2022,5/8/2022,BKFD,PHYSA,B3,BKFD_113,Y,IMMATURE,Y,LIKELY HALI,
5/4/2022,5/8/2022,BKFD,PHYSA,B4,BKFD_114,Y,BREVI,Y,,
5/4/2022,5/8/2022,BKFD,PHYSA,B5,BKFD_115,,,,,
5/4/2022,5/8/2022,BKFD,PHYSA,B6,BKFD_116,,,,,
5/4/2022,5/8/2022,BKFD,PHYSA,B7,BKFD_117,,,,,
5/4/2022,5/8/2022,BKFD,PHYSA,B8,BKFD_118,,,,,
5/4/2022,5/8/2022,BKFD,PHYSA,B9,BKFD_119,,,,,
5/4/2022,5/8/2022,BKFD,PHYSA,B10,BKFD_120,,,,,
5/4/2022,5/8/2022,BKFD,PHYSA,C1,BKFD_121,,,,,
5/4/2022,5/8/2022,BKFD,PHYSA,C2,BKFD_122,,,,,
5/4/2022,5/8/2022,BKFD,PHYSA,C3,BKFD_123,,,,,
5/4/2022,5/8/2022,BKFD,PHYSA,C4,BKFD_124,,,,,
5/4/2022,5/8/2022,BKFD,PHYSA,C5,BKFD_125,,,,,
5/4/2022,5/8/2022,BKFD,PHYSA,C6,BKFD_126,,,,,
5/4/2022,5/8/2022,BKFD,PHYSA,C7,BKFD_127,,,,,
5/4/2022,5/8/2022,BKFD,PHYSA,C8,BKFD_128,,,,,
5/4/2022,5/8/2022,BKFD,PHYSA,C9,BKFD_129,,,,,
5/4/2022,5/8/2022,BKFD,PHYSA,C10,BKFD_130,,,,,
5/4/2022,5/8/2022,BKFD,PHYSA,D1,BKFD_131,,,,,
5/4/2022,5/8/2022,BKFD,PHYSA,D2,BKFD_132,Y,HALI,Y,,
5/4/2022,5/8/2022,BKFD,PHYSA,D3,BKFD_133,,,,,
5/4/2022,5/8/2022,BKFD,PHYSA,D4,BKFD_134,,,,,
5/4/2022,5/8/2022,BKFD,PHYSA,D5,BKFD_135,,,,,
5/4/2022,5/8/2022,BKFD,PHYSA,D6,BKFD_136,,,,,
5/4/2022,5/8/2022,BKFD,PHYSA,D7,BKFD_137,,,,,
5/4/2022,5/8/2022,BKFD,PHYSA,D8,BKFD_138,,,,,
5/4/2022,5/8/2022,BKFD,PHYSA,D9,BKFD_139,,,,,
5/4/2022,5/8/2022,BKFD,PHYSA,D10,BKFD_140,,,,,
5/4/2022,5/8/2022,BKFD,PHYSA,E1,BKFD_141,,,,,
5/4/2022,5/8/2022,BKFD,PHYSA,E2,BKFD_142,,,,,
5/4/2022,5/8/2022,BKFD,PHYSA,E3,BKFD_143,,,,,
5/4/2022,5/8/2022,BKFD,PHYSA,E4,BKFD_144,,,,,
5/4/2022,5/8/2022,BKFD,PHYSA,E5,BKFD_145,,,,,
5/4/2022,5/8/2022,BKFD,PHYSA,E6,BKFD_146,,,,,
5/4/2022,5/8/2022,BKFD,PHYSA,E7,BKFD_147,,,,,
5/4/2022,5/8/2022,BKFD,PHYSA,E8,BKFD_148,,,,,
5/4/2022,5/8/2022,BKFD,PHYSA,E9,BKFD_149,,,,,
5/4/2022,5/8/2022,BKFD,PHYSA,E10,BKFD_150,,,,,
5/4/2022,5/8/2022,BKFD,PHYSA,F1,BKFD_151,,,,,
5/4/2022,5/8/2022,BKFD,PHYSA,F2,BKFD_152,,,,,
5/4/2022,5/8/2022,BKFD,PHYSA,F3,BKFD_153,,,,,
5/4/2022,5/8/2022,BKFD,PHYSA,F4,BKFD_154,,,,,
5/4/2022,5/8/2022,BKFD,PHYSA,F5,BKFD_155,,,,,
5/4/2022,5/8/2022,BKFD,PHYSA,F6,BKFD_156,,,,,
5/4/2022,5/8/2022,BKFD,PHYSA,F7,BKFD_157,,,,,
5/4/2022,5/8/2022,BKFD,PHYSA,F8,BKFD_158,,,,,
5/4/2022,5/8/2022,BKFD,PHYSA,F9,BKFD_159,,,,,
5/4/2022,5/8/2022,BKFD,PHYSA,F10,BKFD_160,,,,,
5/4/2022,5/8/2022,BKFD,PHYSA,G1,BKFD_161,,,,,
5/4/2022,5/8/2022,BKFD,PHYSA,G2,BKFD_162,,,,,
5/4/2022,5/8/2022,BKFD,PHYSA,G3,BKFD_163,,,,,
5/4/2022,5/8/2022,BKFD,PHYSA,G4,BKFD_164,,,,,
5/4/2022,5/8/2022,BKFD,PHYSA,G5,BKFD_165,,,,,
5/4/2022,5/8/2022,BKFD,PHYSA,G6,BKFD_166,,,,,
5/4/2022,5/8/2022,BKFD,PHYSA,G7,BKFD_167,,,,,
5/4/2022,5/8/2022,BKFD,PHYSA,G8,BKFD_168,,,,,
5/4/2022,5/8/2022,BKFD,PHYSA,G9,BKFD_169,,,,,
5/4/2022,5/8/2022,BKFD,PHYSA,G10,BKFD_170,,,,,
5/4/2022,5/8/2022,BKFD,PHYSA,H1,BKFD_171,,,,,
5/4/2022,5/8/2022,BKFD,PHYSA,H2,BKFD_172,,,,,
5/4/2022,5/8/2022,BKFD,PHYSA,H3,BKFD_173,,,,,
5/4/2022,5/8/2022,BKFD,PHYSA,H4,BKFD_174,,,,,
5/4/2022,5/8/2022,BKFD,PHYSA,H5,BKFD_175,,,,,
5/4/2022,5/8/2022,BKFD,PHYSA,H6,BKFD_176,,,,,
5/4/2022,5/8/2022,BKFD,PHYSA,H7,BKFD_177,,,,,
5/4/2022,5/8/2022,BKFD,PHYSA,H8,BKFD_178,,,,,
5/4/2022,5/8/2022,BKFD,PHYSA,H9,BKFD_179,,,,,
5/4/2022,5/8/2022,BKFD,PHYSA,H10,BKFD_180,,,,,
5/4/2022,5/8/2022,BKFD,PHYSA,I1,BKFD_181,,,,,
5/4/2022,5/8/2022,BKFD,PHYSA,I2,BKFD_182,,,,,
5/4/2022,5/8/2022,BKFD,PHYSA,I3,BKFD_183,,,,,
5/4/2022,5/8/2022,BKFD,PHYSA,I4,BKFD_184,,,,,
5/4/2022,5/8/2022,BKFD,PHYSA,I5,BKFD_185,,,,,
5/4/2022,5/8/2022,BKFD,PHYSA,I6,BKFD_186,,,,,
5/4/2022,5/8/2022,BKFD,PHYSA,I7,BKFD_187,,,,,
5/4/2022,5/8/2022,BKFD,PHYSA,I8,BKFD_188,,,,,
5/4/2022,5/8/2022,BKFD,PHYSA,I9,BKFD_189,,,,,
5/4/2022,5/8/2022,BKFD,PHYSA,I10,BKFD_190,,,,,
5/4/2022,5/8/2022,BKFD,PHYSA,J1,BKFD_191,,,,,
5/4/2022,5/8/2022,BKFD,PHYSA,J2,BKFD_192,,,,,
5/4/2022,5/8/2022,BKFD,PHYSA,J3,BKFD_193,,,,,
5/4/2022,5/8/2022,BKFD,PHYSA,J4,BKFD_194,,,,,
5/4/2022,5/8/2022,BKFD,PHYSA,J5,BKFD_195,,,,,
5/4/2022,5/8/2022,BKFD,PHYSA,J6,BKFD_196,,,,,
5/4/2022,5/8/2022,BKFD,PHYSA,J7,BKFD_197,,,,,
5/4/2022,5/8/2022,BKFD,PHYSA,J8,BKFD_198,,,,,
5/4/2022,5/8/2022,BKFD,PHYSA,J9,BKFD_199,,,,,
5/4/2022,5/8/2022,BKFD,PHYSA,J10,BKFD_200,,,,,
5/4/2022,5/8/2022,BKFD,LYMN,A1,BKFD_201,,,,,
5/4/2022,5/8/2022,BKFD,LYMN,A2,BKFD_202,,,,,
5/4/2022,5/8/2022,BKFD,LYMN,A3,BKFD_203,Y,HAEM,Y,,
5/4/2022,5/8/2022,BKFD,LYMN,A4,BKFD_204,,,,,
5/4/2022,5/8/2022,BKFD,LYMN,A5,BKFD_205,,,,,
5/4/2022,5/8/2022,BKFD,LYMN,A6,BKFD_206,,,,,
5/4/2022,5/8/2022,BKFD,LYMN,A7,BKFD_207,,,,,
5/4/2022,5/8/2022,BKFD,LYMN,A8,BKFD_208,,,,,
5/4/2022,5/8/2022,BKFD,LYMN,A9,BKFD_209,,,,,
5/4/2022,5/8/2022,BKFD,LYMN,A10,BKFD_210,,,,,
5/4/2022,5/8/2022,BKFD,LYMN,B1,BKFD_211,,,,,
5/4/2022,5/8/2022,BKFD,LYMN,B2,BKFD_212,,,,,
5/4/2022,5/8/2022,BKFD,LYMN,B3,BKFD_213,,,,,
5/4/2022,5/8/2022,BKFD,LYMN,B4,BKFD_214,Y,HALI,Y,,
5/4/2022,5/8/2022,BKFD,LYMN,B5,BKFD_215,,,,,
5/4/2022,5/8/2022,BKFD,LYMN,B6,BKFD_216,Y,HAEM,Y,,
5/4/2022,5/8/2022,BKFD,LYMN,B7,BKFD_217,Y,HAEM,Y,,
5/4/2022,5/8/2022,BKFD,LYMN,B8,BKFD_218,,,,,
5/4/2022,5/8/2022,BKFD,LYMN,B9,BKFD_219,,,,,
5/4/2022,5/8/2022,BKFD,LYMN,B10,BKFD_220,,,,,
5/4/2022,5/8/2022,BKFD,LYMN,C1,BKFD_221,,,,,
5/4/2022,5/8/2022,BKFD,LYMN,C2,BKFD_222,,,,,
5/4/2022,5/8/2022,BKFD,LYMN,C3,BKFD_223,Y,HAEM,Y,,
5/4/2022,5/8/2022,BKFD,LYMN,C4,BKFD_224,,,,,
5/4/2022,5/8/2022,BKFD,LYMN,C5,BKFD_225,,,,,
5/4/2022,5/8/2022,BKFD,LYMN,C6,BKFD_226,,,,,
5/4/2022,5/8/2022,BKFD,LYMN,C7,BKFD_227,,,,,
5/4/2022,5/8/2022,BKFD,LYMN,C8,BKFD_228,,,,,
5/4/2022,5/8/2022,BKFD,LYMN,C9,BKFD_229,,,,,
5/4/2022,5/8/2022,BKFD,LYMN,C10,BKFD_230,,,,,
5/4/2022,5/8/2022,BKFD,LYMN,D1,BKFD_231,,,,,
5/4/2022,5/8/2022,BKFD,LYMN,D2,BKFD_232,Y,HAEM,Y,,
5/4/2022,5/8/2022,BKFD,LYMN,D3,BKFD_233,,,,,
5/4/2022,5/8/2022,BKFD,LYMN,D4,BKFD_234,,,,,
5/4/2022,5/8/2022,BKFD,LYMN,D5,BKFD_235,,,,,
5/4/2022,5/8/2022,BKFD,LYMN,D6,BKFD_236,,,,,
5/4/2022,5/8/2022,BKFD,LYMN,D7,BKFD_237,,,,,
5/4/2022,5/8/2022,BKFD,LYMN,D8,BKFD_238,,,,,
5/4/2022,5/8/2022,BKFD,LYMN,D9,BKFD_239,,,,,
5/4/2022,5/8/2022,BKFD,LYMN,D10,BKFD_240,Y,HAEM,Y,,
5/4/2022,5/8/2022,BKFD,LYMN,E1,BKFD_241,,,,,
5/4/2022,5/8/2022,BKFD,LYMN,E2,BKFD_242,,,,,
5/4/2022,5/8/2022,BKFD,LYMN,E3,BKFD_243,,,,,
5/4/2022,5/8/2022,BKFD,LYMN,E4,BKFD_244,,,,,
5/4/2022,5/8/2022,BKFD,LYMN,E5,BKFD_245,Y,HAEM,Y,,
5/4/2022,5/8/2022,BKFD,LYMN,E6,BKFD_246,,,,,
5/4/2022,5/8/2022,BKFD,LYMN,E7,BKFD_247,,,,,
5/4/2022,5/8/2022,BKFD,LYMN,E8,BKFD_248,,,,,
5/4/2022,5/8/2022,BKFD,LYMN,E9,BKFD_249,,,,,
5/4/2022,5/8/2022,BKFD,LYMN,E10,BKFD_250,,,,,
5/4/2022,5/8/2022,BKFD,LYMN,F1,BKFD_251,,,,,
5/4/2022,5/8/2022,BKFD,LYMN,F2,BKFD_252,,,,,
5/4/2022,5/8/2022,BKFD,LYMN,F3,BKFD_253,,,,,
5/4/2022,5/8/2022,BKFD,LYMN,F4,BKFD_254,,,,,
5/4/2022,5/8/2022,BKFD,LYMN,F5,BKFD_255,,,,,
5/4/2022,5/8/2022,BKFD,LYMN,F6,BKFD_256,,,,,
5/4/2022,5/8/2022,BKFD,LYMN,F7,BKFD_257,,,,,
5/4/2022,5/8/2022,BKFD,LYMN,F8,BKFD_258,,,,,
5/4/2022,5/8/2022,BKFD,LYMN,F9,BKFD_259,,,,,
5/4/2022,5/8/2022,BKFD,LYMN,F10,BKFD_260,,,,,
5/4/2022,5/8/2022,BKFD,LYMN,G1,BKFD_261,,,,,
5/4/2022,5/8/2022,BKFD,LYMN,G2,BKFD_262,,,,,
5/4/2022,5/8/2022,BKFD,LYMN,G3,BKFD_263,,,,,
5/4/2022,5/8/2022,BKFD,LYMN,G4,BKFD_264,,,,,
5/4/2022,5/8/2022,BKFD,LYMN,G5,BKFD_265,,,,,
5/4/2022,5/8/2022,BKFD,LYMN,G6,BKFD_266,,,,,
5/4/2022,5/8/2022,BKFD,LYMN,G7,BKFD_267,,,,,
5/4/2022,5/8/2022,BKFD,LYMN,G8,BKFD_268,,,,,
5/4/2022,5/8/2022,BKFD,LYMN,G9,BKFD_269,,,,,
5/4/2022,5/8/2022,BKFD,LYMN,G10,BKFD_270,,,,,
5/3/2022,5/9/2022,BELL,PHYSA,C1,BELL_220,,,,,
5/3/2022,5/9/2022,BELL,PHYSA,C2,BELL_221,,,,,
5/3/2022,5/9/2022,BELL,PHYSA,C3,BELL_222,,,,,
5/3/2022,5/9/2022,BELL,PHYSA,C4,BELL_223,,,,,
5/3/2022,5/9/2022,BELL,PHYSA,C5,BELL_224,,,,,
5/3/2022,5/9/2022,BELL,PHYSA,C6,BELL_225,Y,UNKNOWN,Y,POTENTIALLY HAEM,
5/3/2022,5/9/2022,BELL,PHYSA,C7,BELL_226,Y,HAEM,Y,NO FINFOLD? HAEM MAYBE. DIFF FROM 225,
5/3/2022,5/9/2022,BELL,PHYSA,C8,BELL_227,Y,UNKNOWN,Y,SAME AS 225,
5/3/2022,5/9/2022,BELL,PHYSA,C9,BELL_228,,,,,
5/3/2022,5/9/2022,BELL,PHYSA,C10,BELL_229,,,,,
5/3/2022,5/9/2022,BELL,PHYSA,D1,BELL_230,,,,,
5/3/2022,5/9/2022,BELL,PHYSA,D2,BELL_231,,,,,
5/3/2022,5/9/2022,BELL,PHYSA,D3,BELL_232,Y,UNKNOWN,Y,SAME AS 225,
5/3/2022,5/9/2022,BELL,PHYSA,D4,BELL_233,,,,,
5/3/2022,5/9/2022,BELL,PHYSA,D5,BELL_234,,,,,
5/3/2022,5/9/2022,BELL,PHYSA,D6,BELL_235,,,,,
5/3/2022,5/9/2022,BELL,PHYSA,D7,BELL_236,,,,,
5/3/2022,5/9/2022,BELL,PHYSA,D8,BELL_237,,,,,
5/3/2022,5/9/2022,BELL,PHYSA,D9,BELL_238,,,,,
5/3/2022,5/9/2022,BELL,PHYSA,D10,BELL_239,,,,,
5/3/2022,5/9/2022,BELL,PHYSA,E1,BELL_240,,,,,
5/3/2022,5/9/2022,BELL,PHYSA,E2,BELL_241,,,,,
5/3/2022,5/9/2022,BELL,PHYSA,E3,BELL_242,,,,,
5/3/2022,5/9/2022,BELL,PHYSA,E4,BELL_243,,,,,
5/3/2022,5/9/2022,BELL,PHYSA,E5,BELL_244,,,,,
5/3/2022,5/9/2022,BELL,PHYSA,E6,BELL_245,,,,,
5/3/2022,5/9/2022,BELL,PHYSA,E7,BELL_246,,,,,
5/3/2022,5/9/2022,BELL,PHYSA,E8,BELL_247,,,,,
5/3/2022,5/9/2022,BELL,PHYSA,E9,BELL_248,,,,,
5/3/2022,5/9/2022,BELL,PHYSA,E10,BELL_249,,,,,
5/3/2022,5/9/2022,BELL,PHYSA,F1,BELL_250,,,,,
5/3/2022,5/9/2022,BELL,PHYSA,F2,BELL_251,,,,,
5/3/2022,5/9/2022,BELL,PHYSA,F3,BELL_252,Y,UNKNOWN,Y,DEAD SNAIL,
5/3/2022,5/9/2022,BELL,PHYSA,F4,BELL_253,,,,,
5/3/2022,5/9/2022,BELL,PHYSA,F5,BELL_254,,,,,
5/3/2022,5/9/2022,BELL,PHYSA,F6,BELL_255,,,,,
5/3/2022,5/9/2022,BELL,PHYSA,F7,BELL_256,,,,,
5/3/2022,5/9/2022,BELL,PHYSA,F8,BELL_257,,,,,
5/3/2022,5/9/2022,BELL,PHYSA,F9,BELL_258,,,,,
5/3/2022,5/9/2022,BELL,PHYSA,F10,BELL_259,,,,,
5/3/2022,5/9/2022,BELL,PHYSA,G1,BELL_260,,,,,
5/3/2022,5/9/2022,BELL,PHYSA,G2,BELL_261,Y,UNKNOWN,Y,SAME AS 225,
5/3/2022,5/9/2022,BELL,PHYSA,G3,BELL_262,,,,,
5/3/2022,5/9/2022,BELL,PHYSA,G4,BELL_263,,,,,
5/3/2022,5/9/2022,BELL,PHYSA,G5,BELL_264,,,,,
5/3/2022,5/9/2022,BELL,PHYSA,G6,BELL_265,,,,,
5/3/2022,5/9/2022,BELL,PHYSA,G7,BELL_266,,,,,
5/3/2022,5/9/2022,BELL,PHYSA,G8,BELL_267,,,,,
5/3/2022,5/9/2022,BELL,PHYSA,G9,BELL_268,,,,,
5/3/2022,5/9/2022,BELL,PHYSA,G10,BELL_269,Y,UNKNOWN,Y,SAME AS 225,
5/3/2022,5/9/2022,BELL,PHYSA,H1,BELL_270,,,,,
5/3/2022,5/9/2022,BELL,PHYSA,H2,BELL_271,Y,UNKNOWN,Y,SAME AS 225,
5/3/2022,5/9/2022,BELL,PHYSA,H3,BELL_272,Y,UNKNOWN,Y,UNCLEAR- NO REDIAE ?,
5/3/2022,5/9/2022,BELL,PHYSA,H4,BELL_273,,,,,
5/3/2022,5/9/2022,BELL,PHYSA,H5,BELL_274,,,,,
5/3/2022,5/9/2022,BELL,PHYSA,H6,BELL_275,,,,,
5/3/2022,5/9/2022,BELL,PHYSA,H7,BELL_276,,,,,
5/3/2022,5/9/2022,BELL,PHYSA,H8,BELL_277,,,,,
5/3/2022,5/9/2022,BELL,PHYSA,H9,BELL_278,,,,,
5/3/2022,5/9/2022,BELL,PHYSA,H10,BELL_279,,,,,
5/3/2022,5/9/2022,BELL,PHYSA,I1,BELL_280,,,,,
5/3/2022,5/9/2022,BELL,PHYSA,I2,BELL_281,Y,UNKNOWN,Y,SAME AS 225,
5/3/2022,5/9/2022,BELL,PHYSA,I3,BELL_282,,,,,
5/3/2022,5/9/2022,BELL,PHYSA,I4,BELL_283,Y,UNKNOWN,Y,SAME AS 225,
5/3/2022,5/9/2022,BELL,PHYSA,I5,BELL_284,,,,,
5/3/2022,5/9/2022,BELL,PHYSA,I6,BELL_285,,,,,
5/3/2022,5/9/2022,BELL,PHYSA,I7,BELL_286,,,,,
5/3/2022,5/9/2022,BELL,PHYSA,I8,BELL_287,,,,,
5/3/2022,5/9/2022,BELL,PHYSA,I9,BELL_288,,,,,
5/3/2022,5/9/2022,BELL,PHYSA,I10,BELL_289,,,,,
5/3/2022,5/9/2022,BELL,PHYSA,J1,BELL_290,,,,,
5/3/2022,5/9/2022,BELL,PHYSA,J2,BELL_291,,,,,
5/3/2022,5/9/2022,BELL,PHYSA,J3,BELL_292,,,,,
5/3/2022,5/9/2022,BELL,PHYSA,J4,BELL_293,,,,,
5/3/2022,5/9/2022,BELL,PHYSA,J5,BELL_294,Y,ECHINO,Y,,
5/3/2022,5/9/2022,BELL,PHYSA,J6,BELL_295,,,,,
5/3/2022,5/9/2022,BELL,PHYSA,J7,BELL_296,,,,,
5/3/2022,5/9/2022,BELL,PHYSA,J8,BELL_297,,,,,
5/3/2022,5/9/2022,BELL,PHYSA,J9,BELL_298,,,,,
5/3/2022,5/9/2022,BELL,PHYSA,J10,BELL_299,,,,,
5/3/2022,5/9/2022,BELL,PHYSA,A1,BELL_300,,,,,
5/3/2022,5/9/2022,BELL,PHYSA,A2,BELL_301,,,,,
5/3/2022,5/9/2022,BELL,PHYSA,A3,BELL_302,,,,,
5/3/2022,5/9/2022,BELL,PHYSA,A4,BELL_303,,,,,
5/3/2022,5/9/2022,BELL,PHYSA,A5,BELL_304,Y,UNKNOWN,Y,SAME AS 225,
5/3/2022,5/9/2022,BELL,PHYSA,A6,BELL_305,,,,,
5/3/2022,5/9/2022,BELL,PHYSA,A7,BELL_306,,,,,
5/3/2022,5/9/2022,BELL,PHYSA,A8,BELL_307,,,,,
5/3/2022,5/9/2022,BELL,PHYSA,A9,BELL_308,,,,,
5/3/2022,5/9/2022,BELL,PHYSA,A10,BELL_309,,,,,
5/3/2022,5/9/2022,BELL,PHYSA,B1,BELL_310,,,,,
5/3/2022,5/9/2022,BELL,PHYSA,B2,BELL_311,,,,,
5/3/2022,5/9/2022,BELL,PHYSA,B3,BELL_312,,,,,
5/3/2022,5/9/2022,BELL,PHYSA,B4,BELL_313,,,,,
5/3/2022,5/9/2022,BELL,PHYSA,B5,BELL_314,,,,,
5/3/2022,5/9/2022,BELL,PHYSA,B6,BELL_315,,,,,
5/3/2022,5/9/2022,BELL,PHYSA,B7,BELL_316,,,,,
5/3/2022,5/9/2022,BELL,PHYSA,B8,BELL_317,,,,,
5/3/2022,5/9/2022,BELL,PHYSA,B9,BELL_318,,,,,
5/3/2022,5/9/2022,BELL,PHYSA,B10,BELL_319,,,,,
5/4/2022,5/9/2022,BKFD,PHYSA,A1,BKFD_201,,,,,
5/4/2022,5/9/2022,BKFD,PHYSA,A2,BKFD_202,,,,,
5/4/2022,5/9/2022,BKFD,PHYSA,A3,BKFD_203,,,,,
5/4/2022,5/9/2022,BKFD,PHYSA,A4,BKFD_204,,,,,
5/4/2022,5/9/2022,BKFD,PHYSA,A5,BKFD_205,,,,,
5/4/2022,5/9/2022,BKFD,PHYSA,A6,BKFD_206,,,,,
5/4/2022,5/9/2022,BKFD,PHYSA,A7,BKFD_207,,,,,
5/4/2022,5/9/2022,BKFD,PHYSA,A8,BKFD_208,,,,,
5/4/2022,5/9/2022,BKFD,PHYSA,A9,BKFD_209,,,,,
5/4/2022,5/9/2022,BKFD,PHYSA,A10,BKFD_210,,,,,
5/4/2022,5/9/2022,BKFD,PHYSA,B1,BKFD_211,,,,,
5/4/2022,5/9/2022,BKFD,PHYSA,B2,BKFD_212,,,,,
5/4/2022,5/9/2022,BKFD,PHYSA,B3,BKFD_213,,,,,
5/4/2022,5/9/2022,BKFD,PHYSA,B4,BKFD_214,,,,,
5/4/2022,5/9/2022,BKFD,PHYSA,B5,BKFD_215,,,,,
5/4/2022,5/9/2022,BKFD,PHYSA,B6,BKFD_216,,,,,
5/4/2022,5/9/2022,BKFD,PHYSA,B7,BKFD_217,,,,,
5/4/2022,5/9/2022,BKFD,PHYSA,B8,BKFD_218,,,,,
5/4/2022,5/9/2022,BKFD,PHYSA,B9,BKFD_219,,,,,
5/4/2022,5/9/2022,BKFD,PHYSA,B10,BKFD_220,,,,,
5/4/2022,5/9/2022,BKFD,PHYSA,C1,BKFD_221,,,,,
5/4/2022,5/9/2022,BKFD,PHYSA,C2,BKFD_222,,,,,
5/4/2022,5/9/2022,BKFD,PHYSA,C3,BKFD_223,,,,,
5/4/2022,5/9/2022,BKFD,PHYSA,C4,BKFD_224,,,,,
5/4/2022,5/9/2022,BKFD,PHYSA,C5,BKFD_225,,,,,
5/4/2022,5/9/2022,BKFD,PHYSA,C6,BKFD_226,,,,,
5/4/2022,5/9/2022,BKFD,PHYSA,C7,BKFD_227,,,,,
5/4/2022,5/9/2022,BKFD,PHYSA,C8,BKFD_228,,,,,
5/4/2022,5/9/2022,BKFD,PHYSA,C9,BKFD_229,,,,,
5/4/2022,5/9/2022,BKFD,PHYSA,C10,BKFD_230,,,,,
5/4/2022,5/9/2022,BKFD,PHYSA,D1,BKFD_231,,,,,
5/4/2022,5/9/2022,BKFD,PHYSA,D2,BKFD_232,,,,,
5/4/2022,5/9/2022,BKFD,PHYSA,D3,BKFD_233,,,,,
5/4/2022,5/9/2022,BKFD,PHYSA,D4,BKFD_234,,,,,
5/4/2022,5/9/2022,BKFD,PHYSA,D5,BKFD_235,,,,,
5/4/2022,5/9/2022,BKFD,PHYSA,D6,BKFD_236,,,,,
5/4/2022,5/9/2022,BKFD,PHYSA,D7,BKFD_237,,,,,
5/4/2022,5/9/2022,BKFD,PHYSA,D8,BKFD_238,,,,,
5/4/2022,5/9/2022,BKFD,PHYSA,D9,BKFD_239,,,,,
5/4/2022,5/9/2022,BKFD,PHYSA,D10,BKFD_240,,,,,
5/4/2022,5/9/2022,BKFD,PHYSA,E1,BKFD_241,,,,,
5/4/2022,5/9/2022,BKFD,PHYSA,E2,BKFD_242,,,,,
5/4/2022,5/9/2022,BKFD,PHYSA,E3,BKFD_243,,,,,
5/4/2022,5/9/2022,BKFD,PHYSA,E4,BKFD_244,,,,,
5/4/2022,5/9/2022,BKFD,PHYSA,E5,BKFD_245,,,,,
5/4/2022,5/9/2022,BKFD,PHYSA,E6,BKFD_246,,,,,
5/4/2022,5/9/2022,BKFD,PHYSA,E7,BKFD_247,,,,,
5/4/2022,5/9/2022,BKFD,PHYSA,E8,BKFD_248,,,,,
5/4/2022,5/9/2022,BKFD,PHYSA,E9,BKFD_249,,,,,
5/4/2022,5/9/2022,BKFD,PHYSA,E10,BKFD_250,,,,,
5/4/2022,5/9/2022,BKFD,PHYSA,F1,BKFD_251,,,,,
5/4/2022,5/9/2022,BKFD,PHYSA,F2,BKFD_252,,,,,
5/4/2022,5/9/2022,BKFD,PHYSA,F3,BKFD_253,,,,,
5/4/2022,5/9/2022,BKFD,PHYSA,F4,BKFD_254,,,,,
5/4/2022,5/9/2022,BKFD,PHYSA,F5,BKFD_255,,,,,
5/4/2022,5/9/2022,BKFD,PHYSA,F6,BKFD_256,,,,,
5/4/2022,5/9/2022,BKFD,PHYSA,F7,BKFD_257,,,,,
5/4/2022,5/9/2022,BKFD,PHYSA,F8,BKFD_258,,,,,
5/4/2022,5/9/2022,BKFD,PHYSA,F9,BKFD_259,,,,,
5/4/2022,5/9/2022,BKFD,PHYSA,F10,BKFD_260,,,,,
6/11/2022,6/15/2022,LOWE,LYMN,A1,LOWE_151,,BREVI,,Y,
6/11/2022,6/15/2022,LOWE,LYMN,A2,LOWE_152,,,,,
6/11/2022,6/15/2022,LOWE,LYMN,A3,LOWE_153,,,,,
6/11/2022,6/15/2022,LOWE,LYMN,A4,LOWE_154,,HAEM,,Y,
6/11/2022,6/15/2022,LOWE,LYMN,A5,LOWE_155,,,,,
6/11/2022,6/15/2022,LOWE,LYMN,A6,LOWE_156,,,,,
6/11/2022,6/15/2022,LOWE,LYMN,A7,LOWE_157,,,,,
6/11/2022,6/15/2022,LOWE,LYMN,A8,LOWE_158,,,,,
6/11/2022,6/15/2022,LOWE,LYMN,A9,LOWE_159,,,,,
6/11/2022,6/15/2022,LOWE,LYMN,A10,LOWE_160,,,,,
6/11/2022,6/15/2022,LOWE,LYMN,B1,LOWE_161,,HAEM,,Y,
6/11/2022,6/15/2022,LOWE,LYMN,B2,LOWE_162,,,,,
6/11/2022,6/15/2022,LOWE,LYMN,B3,LOWE_163,,,,,
6/11/2022,6/15/2022,LOWE,LYMN,B4,LOWE_164,,,,,
6/11/2022,6/15/2022,LOWE,LYMN,B5,LOWE_165,,,,,
6/11/2022,6/15/2022,LOWE,LYMN,B6,LOWE_166,,,,,
6/11/2022,6/15/2022,LOWE,LYMN,B7,LOWE_167,,,,,
6/11/2022,6/15/2022,LOWE,LYMN,B8,LOWE_168,,,,,
6/11/2022,6/15/2022,LOWE,LYMN,B9,LOWE_169,,,,,
6/11/2022,6/15/2022,LOWE,LYMN,B10,LOWE_170,,,,,
6/11/2022,6/15/2022,LOWE,LYMN,C1,LOWE_171,,,,,
6/11/2022,6/16/2022,BELL,LYMN,A1,BELL_320,,,,,
6/11/2022,6/16/2022,BELL,LYMN,A2,BELL_321,,,,,
6/11/2022,6/16/2022,BELL,LYMN,A3,BELL_322,Y,HAEM,,Y,
6/11/2022,6/16/2022,BELL,LYMN,A4,BELL_323,,,,,
6/11/2022,6/16/2022,BELL,LYMN,A5,BELL_324,,,,,
6/11/2022,6/16/2022,BELL,LYMN,A6,BELL_325,,,,,
6/11/2022,6/16/2022,BELL,LYMN,A7,BELL_326,,,,,
6/11/2022,6/16/2022,BELL,LYMN,A8,BELL_327,,,,,
6/11/2022,6/16/2022,BELL,LYMN,A9,BELL_328,Y,HAEM,,Y,
6/11/2022,6/16/2022,BELL,LYMN,A10,BELL_329,,,,,
6/11/2022,6/16/2022,BELL,LYMN,B1,BELL_330,,,,,
6/11/2022,6/16/2022,BELL,LYMN,B2,BELL_331,,,,,
6/11/2022,6/16/2022,BELL,LYMN,B3,BELL_332,,,,,
6/11/2022,6/16/2022,BELL,LYMN,B4,BELL_333,,,,,
6/11/2022,6/16/2022,BELL,LYMN,B5,BELL_334,,,,,
6/11/2022,6/16/2022,BELL,LYMN,B6,BELL_335,,,,,
6/11/2022,6/16/2022,BELL,LYMN,B7,BELL_336,,,,,
6/11/2022,6/16/2022,BELL,LYMN,B8,BELL_337,,,,,
6/11/2022,6/16/2022,BELL,LYMN,B9,BELL_338,,,,,
6/11/2022,6/16/2022,BELL,LYMN,B10,BELL_339,,,,,
6/11/2022,6/16/2022,BELL,LYMN,C1,BELL_340,,,,,
6/11/2022,6/16/2022,BELL,LYMN,C2,BELL_341,,,,,
6/11/2022,6/16/2022,BELL,LYMN,C3,BELL_342,,,,,
6/11/2022,6/16/2022,BELL,LYMN,C4,BELL_343,,,,,
6/11/2022,6/16/2022,BELL,LYMN,C5,BELL_344,,,,,
6/11/2022,6/16/2022,BELL,LYMN,C6,BELL_345,,,,,
6/11/2022,6/16/2022,BELL,LYMN,C7,BELL_346,,,,,
6/11/2022,6/16/2022,BELL,LYMN,C8,BELL_347,,,,,
6/11/2022,6/16/2022,BELL,LYMN,C9,BELL_348,,,,,
6/11/2022,6/16/2022,BELL,LYMN,C10,BELL_349,,,,,
6/11/2022,6/16/2022,BELL,LYMN,D1,BELL_350,Y,HAEM,,Y,NO PHOTO- ACCIDENTALLY CRUSHED
6/11/2022,6/16/2022,BELL,LYMN,D2,BELL_351,,,,,"MANY PAST THIS POINT = DEAD, DOING MY BEST"
6/11/2022,6/16/2022,BELL,LYMN,D3,BELL_352,,,,,
6/11/2022,6/16/2022,BELL,LYMN,D4,BELL_353,,,,,
6/11/2022,6/16/2022,BELL,LYMN,D5,BELL_354,Y,IMMATURE,,Y,
6/11/2022,6/16/2022,BELL,LYMN,D6,BELL_355,,,,,
6/11/2022,6/16/2022,BELL,LYMN,D7,BELL_356,,,,,
6/11/2022,6/16/2022,BELL,LYMN,D8,BELL_357,,,,,
6/11/2022,6/16/2022,BELL,LYMN,D9,BELL_358,,,,,
6/11/2022,6/16/2022,BELL,LYMN,D10,BELL_359,,,,,
6/11/2022,6/16/2022,BELL,LYMN,E1,BELL_360,,,,,
6/11/2022,6/16/2022,BELL,LYMN,E2,BELL_361,,,,,
6/11/2022,6/16/2022,BELL,LYMN,E3,BELL_362,,,,,
6/11/2022,6/16/2022,BELL,LYMN,E4,BELL_363,,,,,
6/11/2022,6/16/2022,BELL,LYMN,E5,BELL_364,,,,,
6/11/2022,6/16/2022,BELL,LYMN,E6,BELL_365,,,,,
6/11/2022,6/16/2022,BELL,LYMN,E7,BELL_366,,,,,
6/11/2022,6/16/2022,BELL,LYMN,E8,BELL_367,,,,,
6/11/2022,6/16/2022,BELL,LYMN,E9,BELL_368,,,,,
6/11/2022,6/16/2022,BELL,LYMN,E10,BELL_369,,,,,
6/11/2022,6/16/2022,BELL,LYMN,F1,BELL_370,Y,UNKNOWN,,Y,DEAD SNAIL
6/11/2022,6/16/2022,BELL,LYMN,F2,BELL_371,,,,,
6/11/2022,6/16/2022,BELL,LYMN,F3,BELL_372,,,,,
6/11/2022,6/16/2022,BELL,LYMN,F4,BELL_373,,,,,
6/11/2022,6/16/2022,BELL,LYMN,F5,BELL_374,,,,,
6/11/2022,6/16/2022,BELL,LYMN,F6,BELL_375,,,,,
6/11/2022,6/16/2022,BELL,LYMN,F7,BELL_376,,,,,
6/11/2022,6/16/2022,BELL,LYMN,F8,BELL_377,,,,,
6/11/2022,6/16/2022,BELL,LYMN,F9,BELL_378,,,,,
6/11/2022,6/16/2022,BELL,LYMN,F10,BELL_379,,,,,
6/11/2022,6/16/2022,BELL,LYMN,F11,BELL_380,Y,UNKNOWN,,Y,"DEAD SNAIL, NO PIC"
6/11/2022,6/16/2022,BELL,LYMN,F12,BELL_381,Y,ECHINO,,Y,DEAD SNAIL
6/11/2022,6/16/2022,BELL,PHYSA,A1,BELL_382,,,,,
6/11/2022,6/16/2022,BELL,PHYSA,A2,BELL_383,,,,,
6/11/2022,6/16/2022,BELL,PHYSA,A3,BELL_384,,,,,
6/11/2022,6/16/2022,BELL,PHYSA,A4,BELL_385,,,,,
6/11/2022,6/16/2022,BELL,PHYSA,A5,BELL_386,,,,,
6/11/2022,6/16/2022,BELL,PHYSA,A6,BELL_387,,,,,
6/11/2022,6/16/2022,BELL,PHYSA,A7,BELL_388,,,,,
6/11/2022,6/16/2022,BELL,PHYSA,A8,BELL_389,,,,,
6/11/2022,6/16/2022,BELL,PHYSA,A9,BELL_390,,,,,
6/11/2022,6/16/2022,BELL,PHYSA,A10,BELL_391,,,,,
6/11/2022,6/16/2022,BELL,PHYSA,B1,BELL_392,,,,,
6/11/2022,6/16/2022,BELL,PHYSA,B2,BELL_393,,,,,
6/11/2022,6/16/2022,BELL,PHYSA,B3,BELL_394,,,,,
6/11/2022,6/16/2022,BELL,PHYSA,B4,BELL_395,,,,,
6/11/2022,6/16/2022,BELL,PHYSA,B5,BELL_396,,,,,
6/11/2022,6/16/2022,BELL,PHYSA,B6,BELL_397,,,,,
6/11/2022,6/16/2022,BELL,PHYSA,B7,BELL_398,,,,,
6/11/2022,6/16/2022,BELL,PHYSA,B8,BELL_399,,,,,
6/11/2022,6/16/2022,BELL,PHYSA,B9,BELL_400,,,,,
6/11/2022,6/16/2022,BELL,PHYSA,B10,BELL_401,,,,,
6/11/2022,6/16/2022,BELL,PHYSA,C1,BELL_402,Y,HAEM?,,Y,"STYLET + FINFOLD, DIFF REDIAE"
6/11/2022,6/16/2022,BELL,PHYSA,C2,BELL_403,,,,,
6/11/2022,6/16/2022,BELL,PHYSA,C3,BELL_404,,,,,
6/11/2022,6/16/2022,BELL,PHYSA,C4,BELL_405,,,,,
6/11/2022,6/16/2022,BELL,PHYSA,C5,BELL_406,,,,,
6/11/2022,6/16/2022,BELL,PHYSA,C6,BELL_407,,,,,
6/11/2022,6/16/2022,BELL,PHYSA,C7,BELL_408,,,,,
6/11/2022,6/16/2022,BELL,PHYSA,C8,BELL_409,,,,,
6/11/2022,6/16/2022,BELL,PHYSA,C9,BELL_410,,,,,
6/11/2022,6/16/2022,BELL,PHYSA,C10,BELL_411,,,,,
6/11/2022,6/16/2022,BELL,PHYSA,D1,BELL_412,,,,,
6/11/2022,6/16/2022,BELL,PHYSA,D2,BELL_413,,,,,
6/11/2022,6/16/2022,BELL,PHYSA,D3,BELL_414,,,,,
6/11/2022,6/16/2022,BELL,PHYSA,D4,BELL_415,,,,,
6/11/2022,6/16/2022,BELL,PHYSA,D5,BELL_416,,,,,
6/11/2022,6/16/2022,BELL,PHYSA,D6,BELL_417,,,,,
6/11/2022,6/16/2022,BELL,PHYSA,D7,BELL_418,,,,,
6/11/2022,6/16/2022,BELL,PHYSA,D8,BELL_419,,,,,
6/11/2022,6/16/2022,BELL,PHYSA,D9,BELL_420,,,,,
6/11/2022,6/16/2022,BELL,PHYSA,D10,BELL_421,,,,,
6/11/2022,6/16/2022,BELL,PHYSA,E1,BELL_422,,,,,
6/11/2022,6/16/2022,BELL,PHYSA,E2,BELL_423,,,,,
6/11/2022,6/16/2022,BELL,PHYSA,E3,BELL_424,,,,,
6/11/2022,6/16/2022,BELL,PHYSA,E4,BELL_425,,,,,
6/11/2022,6/16/2022,BELL,PHYSA,E5,BELL_426,,,,,
6/11/2022,6/16/2022,BELL,PHYSA,E6,BELL_427,,,,,
6/11/2022,6/16/2022,BELL,PHYSA,E7,BELL_428,,,,,
6/11/2022,6/16/2022,BELL,PHYSA,E8,BELL_429,,,,,
6/11/2022,6/16/2022,BELL,PHYSA,E9,BELL_430,,,,,
6/11/2022,6/16/2022,BELL,PHYSA,E10,BELL_431,,,,,
6/11/2022,6/16/2022,BELL,PHYSA,F1,BELL_432,,,,,
6/11/2022,6/16/2022,BELL,PHYSA,F2,BELL_433,,,,,
6/11/2022,6/16/2022,BELL,PHYSA,F3,BELL_434,,,,,
6/11/2022,6/16/2022,BELL,PHYSA,F4,BELL_435,,,,,
6/11/2022,6/16/2022,BELL,PHYSA,F5,BELL_436,Y,HAEM?,,Y,SAME AS402
6/11/2022,6/16/2022,BELL,PHYSA,F6,BELL_437,,,,,
6/11/2022,6/16/2022,BELL,PHYSA,F7,BELL_438,,,,,
6/11/2022,6/16/2022,BELL,PHYSA,F8,BELL_439,,,,,
6/11/2022,6/16/2022,BELL,PHYSA,F9,BELL_440,,,,,
6/11/2022,6/16/2022,BELL,PHYSA,F10,BELL_441,,,,,
6/11/2022,6/16/2022,BELL,PHYSA,G1,BELL_442,,,,,
6/11/2022,6/16/2022,BELL,PHYSA,G2,BELL_443,,,,,
6/11/2022,6/16/2022,BELL,PHYSA,G3,BELL_444,,,,,
6/11/2022,6/16/2022,BELL,PHYSA,G4,BELL_445,,,,,
6/11/2022,6/16/2022,BELL,PHYSA,G5,BELL_446,,,,,
6/11/2022,6/16/2022,BELL,PHYSA,G6,BELL_447,,,,,
6/11/2022,6/16/2022,BELL,PHYSA,G7,BELL_448,,,,,
6/11/2022,6/16/2022,BELL,PHYSA,G8,BELL_449,,,,,
6/11/2022,6/16/2022,BELL,PHYSA,G9,BELL_450,,,,,
6/11/2022,6/16/2022,BELL,PHYSA,G10,BELL_451,,,,,
6/11/2022,6/16/2022,BELL,PHYSA,H1,BELL_452,,,,,
6/11/2022,6/16/2022,BELL,PHYSA,H2,BELL_453,,,,,
6/11/2022,6/16/2022,BELL,PHYSA,H3,BELL_454,,,,,
6/11/2022,6/16/2022,BELL,PHYSA,H4,BELL_455,,,,,
6/11/2022,6/16/2022,BELL,PHYSA,H5,BELL_456,,,,,
6/11/2022,6/16/2022,BELL,PHYSA,H6,BELL_457,,,,,
6/11/2022,6/16/2022,BELL,PHYSA,H7,BELL_458,,,,,
6/11/2022,6/16/2022,BELL,PHYSA,H8,BELL_459,,,,,
6/11/2022,6/16/2022,BELL,PHYSA,H9,BELL_460,,,,,
6/11/2022,6/16/2022,BELL,PHYSA,H10,BELL_461,,,,,
6/11/2022,6/16/2022,BELL,PHYSA,I1,BELL_462,,,,,
6/11/2022,6/16/2022,BELL,PHYSA,I2,BELL_463,,,,,
6/11/2022,6/16/2022,BELL,PHYSA,I3,BELL_464,,,,,
6/11/2022,6/16/2022,BELL,PHYSA,I4,BELL_465,,,,,
6/11/2022,6/16/2022,BELL,PHYSA,I5,BELL_466,,,,,
6/11/2022,6/16/2022,BELL,PHYSA,I6,BELL_467,,,,,
6/11/2022,6/16/2022,BELL,PHYSA,I7,BELL_468,,,,,
6/11/2022,6/16/2022,BELL,PHYSA,I8,BELL_469,Y,HAEM?,,Y,SAME AS402
6/11/2022,6/16/2022,BELL,PHYSA,I9,BELL_470,,,,,
6/11/2022,6/16/2022,BELL,PHYSA,I10,BELL_471,,,,,
6/11/2022,6/16/2022,BELL,PHYSA,J1,BELL_472,,,,,
6/11/2022,6/16/2022,BELL,PHYSA,J2,BELL_473,,,,,
6/11/2022,6/16/2022,BELL,PHYSA,J3,BELL_474,Y,ECHINO,,Y,
6/11/2022,6/16/2022,BELL,PHYSA,J4,BELL_475,,,,,
6/11/2022,6/16/2022,BELL,PHYSA,J5,BELL_476,Y,HALI???,,Y,"UNKNOWN-- SEE PHOTOS AND VIDEO. LOOKS CYSTOPHOROUS. HAD 1 ECHINO FULL FORMED CERCARIAE, LIKELY CROSS CONTAMINATION"
6/11/2022,6/16/2022,BELL,PHYSA,J6,BELL_477,,,,,
6/11/2022,6/16/2022,BELL,PHYSA,J7,BELL_478,,,,,
6/11/2022,6/16/2022,BELL,PHYSA,J8,BELL_479,,,,,
6/11/2022,6/16/2022,BELL,PHYSA,J9,BELL_480,,,,,
6/11/2022,6/16/2022,BELL,PHYSA,J10,BELL_481,,,,,
6/11/2022,6/16/2022,BELL,PHYSA,A1,BELL_482,,,,,
6/11/2022,6/16/2022,BELL,PHYSA,A2,BELL_483,,,,,
6/11/2022,6/16/2022,BELL,PHYSA,A3,BELL_484,,,,,
6/11/2022,6/16/2022,BELL,PHYSA,A4,BELL_485,,,,,
6/11/2022,6/16/2022,BELL,PHYSA,A5,BELL_486,,,,,
6/11/2022,6/16/2022,BELL,PHYSA,A6,BELL_487,,,,,
6/11/2022,6/16/2022,BELL,PHYSA,A7,BELL_488,,,,,
6/11/2022,6/16/2022,BELL,PHYSA,A8,BELL_489,,,,,
6/11/2022,6/16/2022,BELL,PHYSA,A9,BELL_490,Y,HAEM?,,Y,SAME AS 402
6/11/2022,6/16/2022,BELL,PHYSA,A10,BELL_491,,,,,
6/11/2022,6/16/2022,BELL,PHYSA,B1,BELL_492,,,,,
6/11/2022,6/16/2022,BELL,PHYSA,B2,BELL_493,,,,,
6/11/2022,6/16/2022,BELL,PHYSA,B3,BELL_494,,,,,
6/11/2022,6/16/2022,BELL,PHYSA,B4,BELL_495,,,,,
6/11/2022,6/16/2022,BELL,PHYSA,B5,BELL_496,,,,,
6/11/2022,6/16/2022,BELL,PHYSA,B6,BELL_497,,,,,
6/11/2022,6/16/2022,BELL,PHYSA,B7,BELL_498,,,,,
6/11/2022,6/16/2022,BELL,PHYSA,B8,BELL_499,,,,,
6/11/2022,6/16/2022,BELL,PHYSA,B9,BELL_500,,,,,
6/11/2022,6/16/2022,BELL,PHYSA,B10,BELL_501,,,,,
6/11/2022,6/16/2022,BELL,PHYSA,C1,BELL_502,,,,,
6/11/2022,6/16/2022,BELL,PHYSA,C2,BELL_503,,,,,
6/11/2022,6/16/2022,BELL,PHYSA,C3,BELL_504,,,,,
6/11/2022,6/16/2022,BELL,PHYSA,C4,BELL_505,,,,,
6/11/2022,6/16/2022,BELL,PHYSA,C5,BELL_506,,,,,
6/11/2022,6/16/2022,BELL,PHYSA,C6,BELL_507,,,,,
6/11/2022,6/16/2022,BELL,PHYSA,C7,BELL_508,,,,,
6/11/2022,6/16/2022,BELL,PHYSA,C8,BELL_509,,,,,
6/11/2022,6/16/2022,BELL,PHYSA,C9,BELL_510,,,,,
6/11/2022,6/16/2022,BELL,PHYSA,C10,BELL_511,,,,,
6/11/2022,6/16/2022,BELL,PHYSA,D1,BELL_512,,,,,
6/11/2022,6/16/2022,BELL,PHYSA,D2,BELL_513,,,,,
6/11/2022,6/16/2022,BELL,PHYSA,D3,BELL_514,,,,,
6/11/2022,6/16/2022,BELL,PHYSA,D4,BELL_515,,,,,
6/11/2022,6/16/2022,BELL,PHYSA,D5,BELL_516,,,,,
6/11/2022,6/16/2022,BELL,PHYSA,D6,BELL_517,,,,,
6/11/2022,6/16/2022,BELL,PHYSA,D7,BELL_518,,,,,
6/11/2022,6/16/2022,BELL,PHYSA,D8,BELL_519,,,,,
6/11/2022,6/16/2022,BELL,PHYSA,D9,BELL_520,,,,,
6/11/2022,6/16/2022,BELL,PHYSA,D10,BELL_521,,,,,
6/11/2022,6/16/2022,BELL,PHYSA,E1,BELL_522,,,,,
6/11/2022,6/16/2022,BELL,PHYSA,E2,BELL_523,,,,,
6/11/2022,6/16/2022,BELL,PHYSA,E3,BELL_524,,,,,
6/11/2022,6/16/2022,BELL,PHYSA,E4,BELL_525,,,,,
6/11/2022,6/16/2022,BELL,PHYSA,E5,BELL_526,,,,,
6/11/2022,6/16/2022,BELL,PHYSA,E6,BELL_527,,,,,
6/11/2022,6/16/2022,BELL,PHYSA,E7,BELL_528,,,,,
6/11/2022,6/16/2022,BELL,PHYSA,E8,BELL_529,,,,,
6/11/2022,6/16/2022,BELL,PHYSA,E9,BELL_530,,,,,
6/11/2022,6/16/2022,BELL,PHYSA,E10,BELL_531,,,,,
6/11/2022,6/16/2022,BELL,PHYSA,F1,BELL_532,,,,,
6/11/2022,6/16/2022,BELL,PHYSA,F2,BELL_533,,,,,
6/11/2022,6/16/2022,BELL,PHYSA,F3,BELL_534,,,,,
6/11/2022,6/16/2022,BELL,PHYSA,F4,BELL_535,,,,,
6/11/2022,6/16/2022,BELL,PHYSA,F5,BELL_536,Y,ECHINO,,Y,
6/11/2022,6/16/2022,BELL,PHYSA,F6,BELL_537,,,,,
6/11/2022,6/16/2022,BELL,PHYSA,F7,BELL_538,,,,,
6/11/2022,6/16/2022,BELL,PHYSA,F8,BELL_539,,,,,
6/11/2022,6/16/2022,BELL,PHYSA,F9,BELL_540,,,,,
6/11/2022,6/16/2022,BELL,PHYSA,F10,BELL_541,,,,,
6/11/2022,6/16/2022,BELL,PHYSA,G1,BELL_542,,,,,
6/11/2022,6/16/2022,BELL,PHYSA,G2,BELL_543,,,,,
6/11/2022,6/16/2022,BELL,PHYSA,G3,BELL_544,,,,,
6/11/2022,6/16/2022,BELL,PHYSA,G4,BELL_545,,,,,
6/11/2022,6/16/2022,BELL,PHYSA,G5,BELL_546,,,,,
6/11/2022,6/16/2022,BELL,PHYSA,G6,BELL_547,,,,,
6/11/2022,6/16/2022,BELL,PHYSA,G7,BELL_548,,,,,
6/11/2022,6/16/2022,BELL,PHYSA,G8,BELL_549,,,,,
6/11/2022,6/16/2022,BELL,PHYSA,G9,BELL_550,,,,,
6/11/2022,6/16/2022,BELL,PHYSA,G10,BELL_551,,,,,
6/11/2022,6/16/2022,BELL,PHYSA,H1,BELL_552,Y,ECHINO,,Y,
6/11/2022,6/16/2022,BELL,PHYSA,H2,BELL_553,,,,,
6/11/2022,6/16/2022,BELL,PHYSA,H3,BELL_554,,,,,
6/11/2022,6/16/2022,BELL,PHYSA,H4,BELL_555,,,,,
6/11/2022,6/16/2022,BELL,PHYSA,H5,BELL_556,,,,,
6/11/2022,6/16/2022,BELL,PHYSA,H6,BELL_557,,,,,
6/11/2022,6/16/2022,BELL,PHYSA,H7,BELL_558,,,,,
6/11/2022,6/16/2022,BELL,PHYSA,H8,BELL_559,,,,,
6/11/2022,6/16/2022,BELL,PHYSA,H9,BELL_560,,,,,
6/11/2022,6/16/2022,BELL,PHYSA,H10,BELL_561,,,,,
6/11/2022,6/16/2022,BELL,PHYSA,I1,BELL_562,,,,,no pics of I 
6/11/2022,6/16/2022,BELL,PHYSA,I2,BELL_563,,,,,
6/11/2022,6/16/2022,BELL,PHYSA,I3,BELL_564,,,,,
6/11/2022,6/16/2022,BELL,PHYSA,I4,BELL_565,Y,ECHINO,,Y,
6/11/2022,6/16/2022,BELL,PHYSA,I5,BELL_566,,,,,
6/11/2022,6/16/2022,BELL,PHYSA,I6,BELL_567,,,,,
6/11/2022,6/16/2022,BELL,PHYSA,I7,BELL_568,,,,,
6/11/2022,6/16/2022,BELL,PHYSA,I8,BELL_569,,,,,
6/11/2022,6/16/2022,BELL,PHYSA,I9,BELL_570,,,,,
6/11/2022,6/16/2022,BELL,PHYSA,I10,BELL_571,,,,,
6/11/2022,6/16/2022,BELL,PHYSA,J1,BELL_572,,,,,
6/11/2022,6/16/2022,BELL,PHYSA,J2,BELL_573,,,,,
6/11/2022,6/16/2022,BELL,PHYSA,J3,BELL_574,,,,,
6/11/2022,6/16/2022,BELL,PHYSA,J4,BELL_575,,,,,
6/11/2022,6/16/2022,BELL,PHYSA,J5,BELL_576,,,,,
6/11/2022,6/16/2022,BELL,PHYSA,J6,BELL_577,,,,,
6/11/2022,6/16/2022,BELL,PHYSA,J7,BELL_578,,,,,
6/11/2022,6/16/2022,BELL,PHYSA,J8,BELL_579,,,,,
6/11/2022,6/16/2022,BELL,PHYSA,J9,BELL_580,,,,,
6/11/2022,6/16/2022,BELL,PHYSA,J10,BELL_581,,,,,
6/11/2022,6/17/2022,BELL,PHYSA,A1,BELL_582,,,,,
6/11/2022,6/17/2022,BELL,PHYSA,A2,BELL_583,,,,,
6/11/2022,6/17/2022,BELL,PHYSA,A3,BELL_584,,,,,
6/11/2022,6/17/2022,BELL,PHYSA,A4,BELL_585,,,,,
6/11/2022,6/17/2022,BELL,PHYSA,A5,BELL_586,,,,,
6/11/2022,6/17/2022,BELL,PHYSA,A6,BELL_587,,,,,
6/11/2022,6/17/2022,BELL,PHYSA,A7,BELL_588,,,,,
6/11/2022,6/17/2022,BELL,PHYSA,A8,BELL_589,,,,,
6/11/2022,6/17/2022,BELL,PHYSA,A9,BELL_590,,,,,
6/11/2022,6/17/2022,BELL,PHYSA,A10,BELL_591,,,,,
6/11/2022,6/17/2022,BELL,PHYSA,B1,BELL_592,,,,,
6/11/2022,6/17/2022,BELL,PHYSA,B2,BELL_593,,,,,
6/11/2022,6/17/2022,BELL,PHYSA,B3,BELL_594,,,,,
6/11/2022,6/17/2022,BELL,PHYSA,B4,BELL_595,Y,UNKNOWN,,Y,"STYLET, NO FINFOLD? HARD TO SEE"
6/11/2022,6/17/2022,BELL,PHYSA,B5,BELL_596,,,,,
6/11/2022,6/17/2022,BELL,PHYSA,B6,BELL_597,,,,,
6/11/2022,6/17/2022,BELL,PHYSA,B7,BELL_598,,,,,
6/11/2022,6/17/2022,BELL,PHYSA,B8,BELL_599,,,,,
6/11/2022,6/17/2022,BELL,PHYSA,B9,BELL_600,,,,,
6/11/2022,6/17/2022,BELL,PHYSA,B10,BELL_601,,,,,
6/11/2022,6/17/2022,BELL,PHYSA,C1,BELL_602,,,,,
6/11/2022,6/17/2022,BELL,PHYSA,C2,BELL_603,,,,,
6/11/2022,6/17/2022,BELL,PHYSA,C3,BELL_604,,,,,
6/11/2022,6/17/2022,BELL,PHYSA,C4,BELL_605,,,,,
6/11/2022,6/17/2022,BELL,PHYSA,C5,BELL_606,,,,,
6/11/2022,6/17/2022,BELL,PHYSA,C6,BELL_607,,,,,
6/11/2022,6/17/2022,BELL,PHYSA,C7,BELL_608,Y,ECHINO,,Y,
6/11/2022,6/17/2022,BELL,PHYSA,C8,BELL_609,,,,,
6/11/2022,6/17/2022,BELL,PHYSA,C9,BELL_610,,,,,
6/11/2022,6/17/2022,BELL,PHYSA,C10,BELL_611,,,,,
6/11/2022,6/17/2022,BELL,PHYSA,D1,BELL_612,,,,,
6/11/2022,6/17/2022,BELL,PHYSA,D2,BELL_613,,,,,
6/11/2022,6/17/2022,BELL,PHYSA,D3,BELL_614,,,,,
6/11/2022,6/17/2022,BELL,PHYSA,D4,BELL_615,,,,,
6/11/2022,6/17/2022,BELL,PHYSA,D5,BELL_616,,,,,
6/11/2022,6/17/2022,BELL,PHYSA,D6,BELL_617,,,,,
6/11/2022,6/17/2022,BELL,PHYSA,D7,BELL_618,,,,,
6/11/2022,6/17/2022,BELL,PHYSA,D8,BELL_619,,,,,
6/11/2022,6/17/2022,BELL,PHYSA,D9,BELL_620,,,,,
6/11/2022,6/17/2022,BELL,PHYSA,D10,BELL_621,,,,,
6/11/2022,6/17/2022,BELL,PHYSA,E1,BELL_622,,,,,
6/11/2022,6/17/2022,BELL,PHYSA,E2,BELL_623,,,,,
6/11/2022,6/17/2022,BELL,PHYSA,E3,BELL_624,,,,,
6/11/2022,6/17/2022,BELL,PHYSA,E4,BELL_625,,,,,
6/11/2022,6/17/2022,BELL,PHYSA,E5,BELL_626,,,,,
6/11/2022,6/17/2022,BELL,PHYSA,E6,BELL_627,,,,,
6/11/2022,6/17/2022,BELL,PHYSA,E7,BELL_628,,,,,
6/11/2022,6/17/2022,BELL,PHYSA,E8,BELL_629,,,,,
6/11/2022,6/17/2022,BELL,PHYSA,E9,BELL_630,,,,,
6/11/2022,6/17/2022,BELL,PHYSA,E10,BELL_631,,,,,
6/11/2022,6/17/2022,BELL,PHYSA,F1,BELL_632,,,,,
6/11/2022,6/17/2022,BELL,PHYSA,F2,BELL_633,,,,,
6/11/2022,6/17/2022,BELL,PHYSA,F3,BELL_634,,,,,
6/11/2022,6/17/2022,BELL,PHYSA,F4,BELL_635,,,,,
6/11/2022,6/17/2022,BELL,PHYSA,F5,BELL_636,,,,,
6/11/2022,6/17/2022,BELL,PHYSA,F6,BELL_637,,,,,
6/11/2022,6/17/2022,BELL,PHYSA,F7,BELL_638,,,,,
6/11/2022,6/17/2022,BELL,PHYSA,F8,BELL_639,,,,,
6/11/2022,6/17/2022,BELL,PHYSA,F9,BELL_640,,,,,
6/11/2022,6/17/2022,BELL,PHYSA,F10,BELL_641,,,,,
6/11/2022,6/17/2022,BELL,PHYSA,G1,BELL_642,,,,,
6/11/2022,6/17/2022,BELL,PHYSA,G2,BELL_643,,,,,
6/11/2022,6/17/2022,BELL,PHYSA,G3,BELL_644,,,,,
6/11/2022,6/17/2022,BELL,PHYSA,G4,BELL_645,,,,,
6/11/2022,6/17/2022,BELL,PHYSA,G5,BELL_646,,,,,
6/11/2022,6/17/2022,BELL,PHYSA,G6,BELL_647,,,,,
6/11/2022,6/17/2022,BELL,PHYSA,G7,BELL_648,,,,,
6/11/2022,6/17/2022,BELL,PHYSA,G8,BELL_649,,,,,
6/11/2022,6/17/2022,BELL,PHYSA,G9,BELL_650,,,,,
6/11/2022,6/17/2022,BELL,PHYSA,G10,BELL_651,,,,,
6/11/2022,6/17/2022,BELL,PHYSA,H1,BELL_652,,,,,
6/11/2022,6/17/2022,BELL,PHYSA,H2,BELL_653,Y,GLYP?,,Y,
6/11/2022,6/17/2022,BELL,PHYSA,H3,BELL_654,,,,,
6/11/2022,6/17/2022,BELL,PHYSA,H4,BELL_655,Y,ECHINO,,Y,
6/11/2022,6/17/2022,BELL,PHYSA,H5,BELL_656,,,,,
6/11/2022,6/17/2022,BELL,PHYSA,H6,BELL_657,,,,,
6/11/2022,6/17/2022,BELL,PHYSA,H7,BELL_658,,,,,
6/11/2022,6/17/2022,BELL,PHYSA,H8,BELL_659,,,,,
6/11/2022,6/17/2022,BELL,PHYSA,H9,BELL_660,,,,,
6/11/2022,6/17/2022,BELL,PHYSA,H10,BELL_661,,,,,
6/11/2022,6/17/2022,BELL,PHYSA,I1,BELL_662,,,,,
6/11/2022,6/17/2022,BELL,PHYSA,I2,BELL_663,,,,,
6/11/2022,6/17/2022,BELL,PHYSA,I3,BELL_664,,,,,
6/11/2022,6/17/2022,BELL,PHYSA,I4,BELL_665,,,,,
6/11/2022,6/17/2022,BELL,PHYSA,I5,BELL_666,,,,,
6/11/2022,6/17/2022,BELL,PHYSA,I6,BELL_667,,,,,
6/11/2022,6/17/2022,BELL,PHYSA,I7,BELL_668,,,,,
6/11/2022,6/17/2022,BELL,PHYSA,I8,BELL_669,,,,,
6/11/2022,6/17/2022,BELL,PHYSA,I9,BELL_670,,,,,
6/11/2022,6/17/2022,BELL,PHYSA,I10,BELL_671,,,,,
6/11/2022,6/17/2022,BELL,PHYSA,J1,BELL_672,,,,,
6/11/2022,6/17/2022,BELL,PHYSA,J2,BELL_673,,,,,
6/11/2022,6/17/2022,BELL,PHYSA,J3,BELL_674,,,,,
6/11/2022,6/17/2022,BELL,PHYSA,J4,BELL_675,,,,,
6/11/2022,6/17/2022,BELL,PHYSA,J5,BELL_676,,,,,
6/11/2022,6/17/2022,BELL,PHYSA,J6,BELL_677,,,,,
6/11/2022,6/17/2022,BELL,PHYSA,J7,BELL_678,,,,,
6/11/2022,6/17/2022,BELL,PHYSA,J8,BELL_679,,,,,
6/11/2022,6/17/2022,BELL,PHYSA,J9,BELL_680,,,,,
6/11/2022,6/17/2022,BELL,PHYSA,J10,BELL_681,,,,,
8/5/2022,8/8/2022,BELL,PHYSA,A1,BELL_682,,,,,
8/5/2022,8/8/2022,BELL,PHYSA,A2,BELL_683,,,,,
8/5/2022,8/8/2022,BELL,PHYSA,A3,BELL_684,,,,,
8/5/2022,8/8/2022,BELL,PHYSA,A4,BELL_685,,,,,
8/5/2022,8/8/2022,BELL,PHYSA,A5,BELL_686,,,,,
8/5/2022,8/8/2022,BELL,PHYSA,A6,BELL_687,,,,,
8/5/2022,8/8/2022,BELL,PHYSA,A7,BELL_688,,,,,
8/5/2022,8/8/2022,BELL,PHYSA,A8,BELL_689,Y,ECHINO,,Y,
8/5/2022,8/8/2022,BELL,PHYSA,A9,BELL_690,,,,,
8/5/2022,8/8/2022,BELL,PHYSA,A10,BELL_691,,,,,
8/5/2022,8/8/2022,BELL,PHYSA,B1,BELL_692,,,,,
8/5/2022,8/8/2022,BELL,PHYSA,B2,BELL_693,,,,,
8/5/2022,8/8/2022,BELL,PHYSA,B3,BELL_694,,,,,
8/5/2022,8/8/2022,BELL,PHYSA,B4,BELL_695,,,,,
8/5/2022,8/8/2022,BELL,PHYSA,B5,BELL_696,Y,UNKNOWN,,Y,SIMILAR TO HAEM- NO FINFOLD? BUT STYLET
8/5/2022,8/8/2022,BELL,PHYSA,B6,BELL_697,,,,,
8/5/2022,8/8/2022,BELL,PHYSA,B7,BELL_698,,,,,
8/5/2022,8/8/2022,BELL,PHYSA,B8,BELL_699,Y,UNKNOWN,,Y,SAME AS 696
8/5/2022,8/8/2022,BELL,PHYSA,B9,BELL_700,,,,,
8/5/2022,8/8/2022,BELL,PHYSA,B10,BELL_701,,,,,
8/5/2022,8/8/2022,BELL,PHYSA,C1,BELL_702,,,,,
8/5/2022,8/8/2022,BELL,PHYSA,C2,BELL_703,Y,UNKNOWN,,Y,SAME AS 696
8/5/2022,8/8/2022,BELL,PHYSA,C3,BELL_704,,,,,
8/5/2022,8/8/2022,BELL,PHYSA,C4,BELL_705,,,,,
8/5/2022,8/8/2022,BELL,PHYSA,C5,BELL_706,Y,ECHINO,,Y,
8/5/2022,8/8/2022,BELL,PHYSA,C6,BELL_707,,,,,
8/5/2022,8/8/2022,BELL,PHYSA,C7,BELL_708,,,,,
8/5/2022,8/8/2022,BELL,PHYSA,C8,BELL_709,Y,ECHINO,,Y,
8/5/2022,8/8/2022,BELL,PHYSA,C9,BELL_710,Y,UNKNOWN,,Y,SAME AS 696
8/5/2022,8/8/2022,BELL,PHYSA,C10,BELL_711,,,,,
8/5/2022,8/8/2022,BELL,PHYSA,D1,BELL_712,,,,,
8/5/2022,8/8/2022,BELL,PHYSA,D2,BELL_713,,,,,
8/5/2022,8/8/2022,BELL,PHYSA,D3,BELL_714,,,,,
8/5/2022,8/8/2022,BELL,PHYSA,D4,BELL_715,Y,UNKNOWN,,Y,SAME AS 696. ALSO ECHINO META
8/5/2022,8/8/2022,BELL,PHYSA,D5,BELL_716,Y,ECHINO,,Y,
8/5/2022,8/8/2022,BELL,PHYSA,D6,BELL_717,,,,,
8/5/2022,8/8/2022,BELL,PHYSA,D7,BELL_718,,,,,
8/5/2022,8/8/2022,BELL,PHYSA,D8,BELL_719,Y,ECHINO,,Y,
8/5/2022,8/8/2022,BELL,PHYSA,D9,BELL_720,,,,,
8/5/2022,8/8/2022,BELL,PHYSA,D10,BELL_721,Y,ECHINO,,Y,
8/5/2022,8/8/2022,BELL,LYMN,E1,BELL_722,,,,,
8/5/2022,8/8/2022,BELL,PHYSA,E1,BELL_723,,,,,
8/5/2022,8/8/2022,BELL,PHYSA,E2,BELL_724,Y,UNKNOWN,,Y,SAME AS 696
8/5/2022,8/8/2022,BELL,PHYSA,E3,BELL_725,,,,,
8/5/2022,8/8/2022,BELL,PHYSA,E4,BELL_726,,,,,
8/5/2022,8/8/2022,BELL,PHYSA,E5,BELL_727,,,,,
8/5/2022,8/8/2022,BELL,PHYSA,E6,BELL_728,Y,ECHINO,,Y,
8/5/2022,8/8/2022,BELL,PHYSA,E7,BELL_729,,,,,
8/5/2022,8/8/2022,BELL,PHYSA,E8,BELL_730,,,,,
8/5/2022,8/8/2022,BELL,PHYSA,E9,BELL_731,,,,,
8/5/2022,8/8/2022,BELL,PHYSA,E10,BELL_732,,,,,
8/5/2022,8/8/2022,BELL,PHYSA,F1,BELL_733,,,,,
8/5/2022,8/8/2022,BELL,PHYSA,F2,BELL_734,,,,,
8/5/2022,8/8/2022,BELL,PHYSA,F3,BELL_735,Y,UNKNOWN,,Y,SAME AS 696
8/5/2022,8/8/2022,BELL,PHYSA,F4,BELL_736,,,,,
8/5/2022,8/8/2022,BELL,PHYSA,F5,BELL_737,,,,,
8/5/2022,8/8/2022,BELL,PHYSA,F6,BELL_738,Y,ECHINO,,Y,
8/5/2022,8/8/2022,BELL,PHYSA,F7,BELL_739,,,,,
8/5/2022,8/8/2022,BELL,PHYSA,F8,BELL_740,,,,,
8/5/2022,8/8/2022,BELL,PHYSA,F9,BELL_741,,,,,
8/5/2022,8/8/2022,BELL,PHYSA,F10,BELL_742,,,,,
8/5/2022,8/8/2022,BELL,PHYSA,G1,BELL_743,Y,UNKNOWN,,Y,SAME AS 696
8/5/2022,8/8/2022,BELL,PHYSA,G2,BELL_744,,,,,
8/5/2022,8/8/2022,BELL,PHYSA,G3,BELL_745,,,,,
8/5/2022,8/8/2022,BELL,PHYSA,G4,BELL_746,,,,,
8/5/2022,8/8/2022,BELL,PHYSA,G5,BELL_747,Y,UNKNOWN,,Y,SAME AS 696
8/5/2022,8/8/2022,BELL,PHYSA,G6,BELL_748,Y,ECHINO,,Y,
8/5/2022,8/8/2022,BELL,PHYSA,G7,BELL_749,,,,,
8/5/2022,8/8/2022,BELL,PHYSA,G8,BELL_750,,,,,
8/5/2022,8/8/2022,BELL,PHYSA,G9,BELL_751,,,,,
8/5/2022,8/8/2022,BELL,PHYSA,G10,BELL_752,,,,,
8/5/2022,8/8/2022,BELL,PHYSA,H1,BELL_753,,,,,
8/5/2022,8/8/2022,BELL,PHYSA,H2,BELL_754,,,,,
8/5/2022,8/8/2022,BELL,PHYSA,H3,BELL_755,,,,,
8/5/2022,8/8/2022,BELL,PHYSA,H4,BELL_756,,,,,
8/5/2022,8/8/2022,BELL,PHYSA,H5,BELL_757,,,,,
8/5/2022,8/8/2022,BELL,PHYSA,H6,BELL_758,Y,ECHINO,,Y,
8/5/2022,8/8/2022,BELL,PHYSA,H7,BELL_759,,,,,
8/5/2022,8/8/2022,BELL,PHYSA,H8,BELL_760,,,,,
8/5/2022,8/8/2022,BELL,PHYSA,H9,BELL_761,,,,,
8/5/2022,8/8/2022,BELL,PHYSA,H10,BELL_762,,,,,